Transcript,Actual_Label,Predicted_Label,Phishing_Score(%),Is_Correct
안녕하세요. 2시간이 지났는데 식사는 맛있게 하셨나요? 네. 맛있게 먹었답니다. 방금 햄버거를 먹었어요! 햄버거 좋아하거든요. 오. 맛있었겠네요. ㅎㅎ 저는 친구와 역 근처에 있는 양식 맛집에서 파스타를 먹었어요. ㅎㅎ. 파스타 맛있겠어요! 역근처면 역세권이네요? 부러워요. 맞아요. ㅎㅎ 참고로 제가 서울에 사는데 제 집이 역세권인데 맛집도 역세권이예요. ㅋㅋ. 역시 역세권에 살면 혜택을 많이보나봐요. 부러워요ㅠㅠ. 맞아요. 저도 그렇게 생각해요. 다른 맛집을 가고 싶으면 지하철 비용만 내면 저렴하게 이동할 수 있으니까요. 저도 열심히 돈벌어서 역세권 근처로 이사가고싶어요! 돈을 많이 벌고 잘 저축하길 바래요. ㅎㅎ 제가 그렇게 살아왔거든요. 저축으로도 역세권을 갈 정도라니 정말 유능하시네요! 전 투자 공부나 할려구요. 제가 젊었을 때는 우리나라가 고성장 시기여서 가능했던 걸 수도 있어요. 투자 공부 열심히 하셔서 투자에 성공하시길 바래요. ㅎㅎ. 감사합니다! 요즘같은 시기라도 희망을 잃으면 안되니까요. 맞아요. 저도 희망을 잃지 않기 위해 노력해야 겠어요. 제 남편이 정년은퇴하기 전까진 버텨야 하니까요. 이제 전 자러 갈게요. 응원할게요. 이제 저도 슬슬 자러갈게요. 다음에 봐요!,정상,피싱,100.0%,X
안녕하세요. 어제 하루는 잘 마무리하셨나요? 네. 일찍 잤더니 개운해서 일 열심히 했답니다. 오. 개운하다니 다행이네요. 체력이 좋으신가봐요. ㅎㅎ. 네~. 뭐든지 열심히 하는 성격 덕분인가봐요. 혹시 운동도 하시나요? 성격만으로는 부족할 거 같아서요. ㅎㅎ. 운동도 꾸준히 하고있어요! 맨몸운동만 하고있지만요. 맨몸 운동이라는 건 혹시 저처럼 집 근처 공원에서 산책을 하는건가요? ㅎㅎ. 아니요! 푸시업이나 철봉에서 턱걸이하는거에요! 아하. 혹시 헬스장에서 근력운동을 하시나요? 근처 학교 운동장에서 하시나요? 헬스장은 안가고 집 근처 공원에서 해요! 그렇군요. ㅎㅎ 혹시 헬스장을 다닌 적이 있나요? 다녔었어요. 근데 저랑은 잘 안맞더라구요. 재미도 없어서요ㅋㅋ. 님은요? 저는 요가를 싫어하기 때문에 헬스장에 다닌 적이 있는데 재미없어서 이젠 안 다녀요. 그리고 약속때문에 가볼게요. 그렇군요. 이제 다시 일하러 가볼게요. 다음에 톡드릴게요!,정상,피싱,100.0%,X
안녕하세요. ㅎㅎ 어제 일을 잘 마무리하셨나요? 네. 오늘도 힘내서 일해야죠~. 좋은아침이네요. 네. 좋은 아침이예요. ㅎㅎ 갑자기 궁금한건데 출퇴근할 때 뭐로 출퇴근하시나요? 출퇴근할때는 보통 자전거로 출퇴근한답니다. 운동도 되고 좋죠! 오. 운동을 정말 좋아하시나봐요. ㅎㅎ 자전거 운동이 허벅지에 좋다던데 효과 보셨나요? 네! 허벅지가 튼튼해서 그런가 제가 하루종일 활력이 넘치나봐요~. 오. 그리고 허벅지가 튼튼하면 장수한다던데 혹시 알고 계셨나요? 아 진짜요? 더 열심히 자전거를 탈 이유가 생겼네요ㅋㅋ. 허벅지 운동 하시나요? 저는 스쿼트 운동으로 허벅지 운동을 해요. ㅎㅎ. 스쿼트 좋죠~. 저도 옛날엔 중량 스쿼트를 했지만 지금은 맨몸만 한답니다. 그렇군요. ㅎㅎ 혹시 당신은 오늘 아침에 식사는 하셨나요? 네. 식사했어요. 참고로 저는 미역국라면에 밥을 말아먹었어요! 그렇군요. 저는 아직 아침 식사를 못 해서 배고픈데 아침먹고 나중에 또 연락해도 될까요? 네. 덕분에 재밌었어요. 다음에 또 연락주세요! 그때까지 기다릴게요.,정상,피싱,99.1%,X
안녕하세요 전기정보공학부가 부전공인 20대 여성입니다 안녕하세요 저는 20대여성이고 컴퓨터공학부 전공입니다! 저는 파충류를 싫어 합니다. 좋아하는 동물이 있으신가요? 저도 파충류나 벌레를 무척이나 싫어하고 강아지를 좋아합니다! 좋아하는 음식은 무엇인가요? 저는 한식을 좋아합니다. 밥힘이 최고라고 생각해요 저도 한식을 제일 좋아합니다. 다만 싱거운 음식을 좋아하는 편이라 저염식 위주로 먹고 있습니다. 건강에 좋을꺼 같아요 저는 음식은 조절하지 않지만 운동을 좋아합니다 요즘은 축구를 자주 합니다. 상쾌하고 좋아요 와 축구를 하시다니 정말 멋있어요! 그럼 주로 주말에는 운동을 하시는 편인가요?  내 운동은 주말마다 꾸준히 하려고 해요! 요즘은 여자 축구도 많더라구요 맞아요. 요새느 여자분들도 축구를 하시더라구요. 저는 종교가 없어서 주말이 널널한 편이라 주로 쉬는 날에는 보고싶었던 영화들을 몰아서 보고는 합니다. 영화 보는거 너무 좋은데요^^ 저는 미드를 좋아합니다 맞아요 종방할때까지 기다렸다 이어보는게 참 좋습니다 오늘 저녁에도 시간나면 볼 계획입니다 ㅎㅎ. 지금도 좀 봐야겠어요!,정상,피싱,100.0%,X
4주만이네요 그동안 잘 지내셨나요? 오랜만입니다. 저는 잘 지냈습니다. 잘 지내셨나요? 네 잘 지냈습니다. 친구들과 함께 놀러가려고 계획을 짜고 있는 중이였어요 재미있겠네요! 어디로 가실 계획이신가요? 저희는 가평으로 가려고 합니다.  가평이 캠핑이나 레저를 즐기기에는 딱 좋다던데 무엇을 하실 계획이신가요? 고기 구워먹고 불멍도 하고 술도 마실껍니다 놀러가서 구워먹는 고기가 진짜 맛있죠. 저는 대학생때 가평으로 MT를 간 적이 있습니다! 그 때 당시에 여름이라 빠지 갔었습니다. 빠지도 좋죠. 저희는 겨울이라 스키나 다른 스포츠를 생각했지만 그냥 편히 먹고 마시고 오기로 했습니다 일단 놀러가는것 만으로도 너무 좋잖아요 ㅎㅎ 저는 단양으로 놀러갈까 계획중입니다!  단양도 너무 좋지요~!! 단양에는 볼거리가 많겠어요 가서 패러글라이딩을 해볼 계획입니다! 단양에 패러글라이딩이 유명하더라구요. 저는 2박 3일정도 계획했는데 얼마나 계획하셨나요? 저는 1박 2일이에요! 패러글라이딩 너무 신날꺼 같습니다 가평도 너무 재밌을것 같아요! 재밌게 잘 놀다오시길 바랄게요!,정상,피싱,100.0%,X
"5주만이네요 그동안 잘 지내셨나요? 오랜만에 뵙네요. 네, 저는 잘 지냈습니다. 여행은 잘 다녀오셨나요? 네 잘 다녀왔습니다. 오랜만에 친구들과 웃고 떠들고 아주 즐거웠어요 너무 재미 있었겠네요. 가서 무엇을 하셨나요? 가서 불피우고 술마시고 고기먹고 게임하고 놀았습니다 가는데 자가용을 이용하셨나요? 네 차 2대로 나눠타고 다녀왔습니다 친구들끼리 여행갈때 운전 잘하는 친구는 꼭 필요한것 같아요! 저는 운전을 하지 못해서요. 저도 운전면허는 있지만 운전을 하진 못합니다. 그래서 친구차를 함께 타고 갔습니다 저도 운전면허는 있지만 장롱면허에요. 근데 제 주변 친구들 대부분이 운전을 하지 못해서 저는 주로 뚜벅이 여행을 하는 편 입니다. 조금 불편하지만 운전은 너무 어렵기도 하고 무서워서 시도를 못하겠어요 저도 계속 안하다보니 못하겠더라구요. 평소에는 불편함을 못 느끼다가 여행 갈 때 느끼게 돼요.  여행갈때 경비같은 경우는 어떻게 하시는 편인가요? 친구들이랑은 회비를 모아서 거기서 지출을 합니다 저도 주로 회비를 모아서 예산을 짜는 편입니다. 친구들하고 이야기 좀 하고 올게요!",정상,피싱,99.8%,X
"10일만이네요 그동안 잘 지내셨나요? 오랜만에 뵙네요. 네, 저는 잘 지냈습니다. 그동안 잘 지내셨나요? 네 잘지냈습니다. 친구들과 여행다녀온후 다들 너무 좋아서 계처럼 매달 돈을 모아 또 가기로 했어요 저도 친구와 달마다 여행회비를 걷고 있습니다! 벌써 100 넘게 모여서 조만간 여행을 갈 계획입니다. 와! 멋있네요! 저희도 열심히 모아봐야 겠어요 보통 얼마주기로 여행을 가시는 편 이신가요? 저는 가족여행 친구들 여행 합치면 거의 한달에 한번은 가는거 같습니다 자주 가시는 편 이시군요! 저는 주로 4개월에 한번씩 가는 편 입니다! 이제 더 나이가 들면 많이 못다닐꺼 같아 열심히 다니고 있습니다 맞아요. 어릴때 다니는게 좋은것 같아요. 일 시작하면 시간이 없어지다보니 가고 싶어도 가지를 못하네요. 가족과 함께 여행을 가는것도 재미있어요. 싸우기도 하지만 끈끈해진 느낌이요 그리고 가족들이랑 여행가면 뭔가 더 편안한 느낌도 있죠 ㅎㅎ  크리스마스에 가족과 함께 지낼 예정이라 이제 상의해볼까 해요 저도 크리스마스에는 가족들과 함께 보내야 겠어요.",정상,피싱,99.5%,X
안녕하세요. 30대 남성이네요~ 반갑네요. 안녕하세요. 저는 40대 여자입니다. 반가워요. 어서오세요. 주말 아침인데 뭐 하시나요? 앨범 보고 있었어요! 제가 몽골아 가봤는데 풍경이 좋아서 여러 사진을 찍었거든요~ 멋지네요~ 저는 걷기를 좋아해서 동네 한바퀴 걷고 왔어요. 그러시구나~ 운동도 되고 좋겠네요~ㅎㅎ. 제 생일이 10월인데 시간 맞춰서 저도 여행이나 가고 싶네요. 오! 곧 생일이시네요~ 간다면 어디로 가고 싶으신가요? 저도 자연을 보고 싶네요~ 몽골은 한적하죠? 네. 한적하더라고요~ 제가 O형인데 적극적이라서 도전해 본 거예요~ 그렇군요~ 제가 플루트를 가끔 연주하는데 몽골 평원에서 연주 해보고 싶어요. 우와~ 그거 정말 멋지겠네요~ @브랜드명1@에 올리면 조회수 꽤 나올 것 같은데~ㅎㅎ. 그정도 실력은 안되네요~ㅎㅎ 저는 이만 새차하러 가볼게요. 그래도 도전해 보세요~ㅎㅎ 네! 알겠습니다! 다음에 또 이야기해요~,정상,피싱,100.0%,X
새차하고 우리 강아지 미용좀 하고 왔더니 5시간이 걸렸네요~ 그러시군요~ 저는 저녁에 친구를 만나서 곧 나가봐야 되는데~ㅎㅎ. 그렇군요~ 오늘 약속이 있군요~ 반려동물 키우나요? 반려동물은 키웠는데 입양했네요. 제가 책임감이 부족해서.. 그런 제 자신이 자주 한심스러워요. 그래도 다른 주인한테 간거면 다행이네요~ 그렇죠. 아마 저한테 있는 것보다 더 행복할 거예요. 지금 주인은 미용도 잘 시키더라고요~ 강아지 미용이 사람 하는것보다 어렵더군요~ 그런 것 같아요~ 막 짖기도 하니까요~ 사람은 가만히 있는데 강아지는 안그렇죠~ㅎㅎ. 그쵸~ㅋㅋ 아마도 짖는 강아지들은 뭐하는지 모를 거예요~ @이름1@도 자기 머리카락 처음 자를때 울곤 하잖아요~ㅎㅎ. 그렇더라고요~ 그래도 사람은 금방 적응하잖아요~ 맞아요~ㅎㅎ 저는 이만 산책하러 가볼게요. 네~ 알겠습니다. 그럼 다음에 또 이야기해요!,정상,피싱,100.0%,X
"하루가 지났네요~ 어제 산책하다가 정말 신기하게 미용한 강아지를 봤어요. 안녕하세요~ 아, 그런가요? 어떻게 미용을 했길래요~ㅋㅋ. 털이 검은색이랑 흰색 섞인것 같은데 하트모양으로 했네요~ 아~ㅋㅋ 그거 재밌었겠네요~ 주인도 개성이 강할 것 같네요! 그러니까요~ㅎㅎ 저희집 강아지는 산책만 가면 신나서 제가 다 지치네요~ㅋㅋ. 강아지가 산책을 정말 좋아하나 보네요~ㅋㅋ 산책은 얼마나 하시나요? 맞아요~ 한시간 정도 하는데 체력은 별로인지 한번하면 강아지도 지쳐요~ㅋㅋ. 그렇군요~ 그럼 산책은 일주일에 자주 가나요? 매일 가려고 노력해요~ 특별한일 없으면 매일가요. 정말 부지런하시네요~ 강아지도 정말 사랑하시나 봐요~ㅎㅎ. 강아지 덕분에 저도 운동하고 좋죠. 그렇겠네요! 걷는 것도 운동이 되니까요~ 맞아요~ 저는 이만 샤워하러 가볼게요. 네. 알겠습니다~ 그러면 또 이야기해요~",정상,피싱,99.9%,X
오랜만입니다. 저는 오늘도 강아지랑 산책 하고 왔어요~ 오랜만이네요~ 우와 이야기하실 때마다 산책하시는 것 같네요~ㅋㅋ. 매일 해야죠~ㅎㅎ 뭐하시고 계셨나요? 저는 @브랜드명1@ 보고 있었어요~ 요즘에 먹방을 보거든요~ 그렇군요~ 저는 강아지 미용 @브랜드명1@를 자주 봐요. 그러시구나! 그러면 확실히 짖는 강아지들도 보이나요? 문제가 심각한 애들도 있죠~ㅎㅎ 다행히 저희 강아지는 괜찮네요. 괜찮다면 다행이네요~ㅎㅎ 근데 강아지 종은 어떤 거예요? 포메리안이예요~ㅎㅎ 미용하고 안하고가 이미지가 엄청 다르죠~ 오! 그렇구나! 하긴요~ 미용하면 둥글둥글해지잖아요~ㅋㅋ. 맞아요~ 안해도 이쁘긴 한데 한것도 매력있고~ㅎㅎ. 그렇죠~ㅋㅋ 저는 키우는 건 자신 없는데 그런 귀여운 강아지 보는 건 정말 좋더라고요~ 그렇군요~ 저는 이만 설거지 하러 가볼게요~ 네. 알겠습니다! 그럼 다음에 또 이야기해요~,정상,피싱,100.0%,X
안녕하세요. 저는 40대 여성입니다. 안녕하세요~저는 30대 여성입니다  저는 와인도 좋아하고 가끔 농구도 하는데 취미가 어떻게 되시나요? 저는 해양스포츠를 즐기는데 지금은 날씨가 추워져서 수영장다녀요~ 사실 실내에서 수영은 별 재미가 없어서 싫어하지만요..ㅎㅎ 독특한 취미가 있으시군요. 저는 요즘 같이 추운 날엔 TV 드라마를  자주보거나 가족과 주로 메신저를 하면 이야기를 나누어요. 추우면 정말 밖으로 나가기가 싫더라구요. 네~ 제가 다소 부지런한 편이어서요 ㅎㅎ  해양스포츠는 주로 어디서 하시나요? 주로 동해 바다에서 합니다~ 탁 트인 바다를 보며 스포츨 즐기면 기분도 상쾌하고 저도 같이 맘이 넓어지는것 같더리구요 ㅎㅎ 저는 요즘 강원도쪽 한달살기가 하고 싶더라구요. 동해면 바다도 깊고 한적하니 좋을 것 같아요. 강원도 좋겠네요! 산과 바다와 함께~~ 경치도 좋고 갈 데도 많고요 매일 같은 곳 같은 일 쫌 벗어나고 싶더라구요. 아직 날짜는 정하지 않았지만 찾아는 보고 있네요. 직업이 어떻게 되세요? 네 저는 싱글이고 약사예요~ 무슨일 하세요? 저는 그냥 회사에서 사무직이예요. 결혼은 했구요. 저는 배를 좋아해서 줄겨 먹어요~ㅎㅎ 특히 자기전에 먹고 자면 좋더라구요~ 편안한 저녁 보내세요~,정상,피싱,100.0%,X
5일만에 뵙네요. 별일 없으셨죠? 네~ 오랜만이네요~ㅎㅎ 잘지내셨어요? 넹 남편이 이번에 지방으로 발령이 나서 떨어지게 되었어요. 뭐  한동안은 주말부부일텐데 제 시간이 많이 생길 듯 하네요. 그러시군요.. 주말 부부로 떨어져 있음 어떤가요? TV보면 아내가 어디 다니러 간다 하면 남편들이 해방감 같은걸 느끼는거 같던데..?ㅋㅋ 이제 시간이  생긴걸라서  아직은  잘  모르겠어요. 다만 강원도 한달살기  해 보고 싶었던  마음이  싹 가셨네요. 이제 저 혼자여서 인가봐요. 아~~신기하네요 ㅎㅎ 가끔은 생활의 변화가 필요한가봐요~ 혹시 남자친구가 있으신가요?  네~ㅎㅎ 이번 주말에  친구들과 같이 만나서 놀았어요. 예전 데이트 하실땐 주로 어디 기셨어요? 주로 저희 남편이 저희 집 근처로 왔었던 것 같아요. 그때 저희는  차가 없어서 대중교통 이용하며 만났는데 어느 순간부터 남편이 저희 동네로 오게 되더라구요. 저도 남자친구가 저 데리러 주로 와요~ㅎㅎ 주로 어디로 가세요? 저희 때는 뭐 영화관 밥먹고 차한잔 뭐 그랬던 것 같아요. 주로 맛집 찾아다니는거 같아요~ 둘다 먹는걸 좋아해서요 ㅎㅎ 저희도 남편 발령 난 곳에 맛집이 많다하여 주말에는  제가 내려가서 데이트 좀 하고 오려구요. 오~ 다시 연애느낌 나시겠는데요?!! 잘 다녀오세요~~,정상,피싱,100.0%,X
안녕하세요. 4주만에 뵙네요. 그동안 잘 지내셨나요? 네 오랜만이시네요~ 그동안 잘 지내셨어요? 넹. 저번 주말에는  남편한테 다녀왔어요. 메신저로만 이야기 하다가 오랜만에 보니 반갑더라구요. 남자친구와는 잘 지내셨죠? 오랜만에 남편분 만나서 반가우셨겠어요~ 네 저도 주말에 남자친구와 데이트하며 잘 지냈어요 ㅎㅎ 데이트 어디 다녀오셨어요? 저는 이제 별 아이디어가 없더라구요. 남편이 찾아 논 맛집 다녀온게 다였어요. 맛집 좋죠~ 저희도 맛집 찾아다니며 데이트 즐겨해요 ㅎ 그리고 요즘은 캠핑이 유행이니까 캠피하며 자연과 함께 보내도 좋더라구요 캠핑 도구가 다 있으신가요? 주변에서 들으니 비용이 어마어마하게 들어간다고 하더라구요. 저도 해보고는 싶은데 엄두가 안 나는것 같아요. 아니요~ 간단히 차 세워놓고 불멍하는정도?!ㅎㅎ 코로나 때문에 데이트할 때 산이나 강으로 바뀌게 된 거 같아요~  아 그렇게 캠핑을 할 수도 있겠네요. 다음주에는 남편과 한번 해 봐야겠어요. 새해에는 종소리 들으러 가시나요? 이제 사람 너무 많이 몰리는데는 겁이 나네요~그냥 조용한 곳에서 남자친구랑 보내려구요~ㅎㅎ 남편분 지방에 계시다니 근처 좋은 산으로 함 가보셔요~^^ 그것도 좋은 생각이네요. 새해 첫 해돋이를  보는거요. 예전에  정동진에 가본적이  있는데  해돋이는 정말 날씨가 좋아야 하는 것 같아요. 그때 구름에 가려서 못 봤거든요. 저는 예전 포항 해맞이공원에서 본적 있었는데 거기도 괜찮았어요 ㅎㅎ 정보 감사해요. 남편 근무하는 곳에서 그리 멀지 않아요. 가 보아야 겠어요.  오호~ 잘됐네요! 겸사겸사 꼭 가보세요^^,정상,피싱,100.0%,X
3주만에 뵙네요. 새해는 잘 보내셨어요? 네~ 벌써 그렇게 됐나요?ㅎㅎ 시간이 빠르네요 ~잘 지내셨어요? 말씀해주신 포항 해맞이 공원에 다녀왔어요. 해돋이도 보고 좋았습니다. 남자친구분과 좋은 시간 보내셨나요? 잘 다녀오셨네요~저는 사람이 좀 적은 동해바닷가에 다녀왔죠~날씨가 추워서 고생했지만요..괜찮으셨어요? 그 공원은 조형물이 많아 볼 것들이 많더라구요. 다만 날씨가  추워서 다 돌아보지는 못하고 해뜨는 것만 살짝 보았어요.  다음에 쫌 따뜻해지면 다시 다녀오려구요. 요즘 일은 어떠세요? 저야 뭐 약국에 있는게 일이라 괜찮아요^^ 날씨가 추워져서 이제 수영은 못할거 같고 무슨운동을 할까 고민중이예요~요즘 운동하시는거 있으세요? 아직도 실내에서 농구를  하고 있어요. 다행히 농구는 실내경기장이 있어서 좋은 것 같아요. 새해에는 대회도 있어서 준비도 하고 있구요. 단체 운동은 어떠세요? 친목으로도 좋더라구요. 아~ 농구하시구나~~요즘 여자 축구도 유행이쟎아요~그래서 저도 잔디구장 빌려서 지인들과 해본적이 있어요~ 재미는 있는데 구장 빌리는거며 많은 사람들 시간도 맞춰야하고.. 한달에 한두번 정도는 괜찮은거 같은데 자주 하는 운동으로는 다른걸 찾아보려구요^^ 단체운동이 쫌 그런면이 있기는 해요. 저희는  오래된 모임이라서 화요일로 날짜도 정해지고 경기장도 딱 예약이 되어있어서 그런 점은 괘안은데 시작단계인 모임들은 정착하기까지 힘들어 하더라구요.  추우니까 실내운동으로 찾아보셔요. 제법 오래 하셨네요! 재밌겠어요~~ 네네..저는 요즘 근력운동이 필요한것 같아서 헬스나 필라테스로 생각중이예요~혹시 해 본 적 있으세요? 운동에 관심이 있어서 이것저것 많이 해봤습니다. 둘 다 좋은 운동 같아요. 필라테스는 예쁜 근력운동으로 좋은 것 같아요.  네~ 추천 감사합니당~ 수영은 남자친구랑 같이 다녔었는데 다른건 같이 하려고 할지 모르겠네요 ㅎㅎ 남자친구분과 같이 하시려면 헬스가 나으려나요? 저희 남편은 운동을 안 좋아해서 저는 혼자 하거든요. ㅎㅎㅎ 그러게요~ 필라테스를 같이 하기에는..ㅎㅎ 함 물어봐야겠어요~ 곧 점심 시간이네요! 맛점하세요~~,정상,피싱,99.7%,X
"안녕하세요 저는 50대 여성입니다. 안녕하세요 저는 40대 여성입니다. 요즘 어떻게 지내시나요? 전   얼마전 노인심리상담가 자격증을 취득했어요~~~~ 우와 대단하세요~ 전문성이 느껴지네요~ 저는 신문기자로 일하고 있어요! 와  신문기자시라니 님이 더 전문성있는 직업을 가지셨네요~~ 전 자격증취득했더니 여유가 생겨 요즘 모든게 다 느긋해지고 있어요 멋지세요 그동안 공부하시느라 못누렸던 자유를 누리세요!  음악 장르는 어떤 걸 좋아하세요?저는 포크 음악을 좋아해요 전 발라드음악을 좋아해요 가사도 잘 들리고 따라 부를수 있는 곡들이요 과일은 어떤걸 좋아하시나요? 전 샤인머스캣 안먹는데 자꾸 선물이 들어와요 그 비싼걸! 제가 근처에 있었으면 받아가고 싶을 정도네요! 샤인머스켓 엄청 좋아해요~ 샤인머스켓 진짜 좋아하시는군요  다음에 또 들어오면 연락드릴게요~ 네 말씀만이라도 감사해요 취미로 운동 하시는거 있으세요? 저는 복싱 배우고 있는데 너무 재밌어요~ 근데 워밍업때 하는 줄넘기는 싫어해요 너무 지루합니다 딱히 취미로 하는 운동은 없지만 건강을 생각해서 만보하고 있어요~ 와 복싱 잼있을거 같아요 줄넘기는 이제 못하겠더라구요 그져 저도 하고나면 관절이 아파요~,, 하지만 꼭 시키는 워밍업 단계라서 어쩔 수가 없네요~ 전 관절이 안좋아서 뛰거나 하는 운동들은 무리거든요. 님도 무리되지 않게 살살하세요 넵 ~ 조언 감사드려요! 지금 출근 시간이라 정신없는데 나중에 연락드릴게요!",정상,피싱,99.9%,X
안녕하세요~~~~그간 별일없으셨죠? 복싱하고 계세요?  네네 별일 없습니다~ 퇴근하고 이제 저녁을 먹을까해요 저도  오늘은 향긋한 채소류 음식으로 저녁해먹을까 해요 가족들과 드시나요? 자녀들이 있다고 하셨나요? 네 가족들과 식사해요   나이가 드니까  옛날음식들이 맛있어요 ~^^ 그렇구나 가족들이 많아서 식사시간에 도란도란 분위기가 좋겠네요 저는 딩크족이라 남편과 단 둘이서만 생활해요~ 제 지인 두커플도  아이가 없는 딩크족이에요~~~ 한커플은  노력했는데  안돼고   한커플은 아직원하지 않고 있어요 그렇구나.. 저는 결혼 하기 전부터 아이를 낳지 않겠다고 말을 했었어요 남편도 거기에 동의해서 결혼하게 됐구요.. 생활하는게  여유로울거 같아요~ 애들이 학령기라  학교스케줄확인하고  움직여야 되거든요 맞아요 비교적 여유로운 편이기도 해요~ 그리고 누군가 한명은 희생을 해야하는데 그 희생하는 쪽은 거의 여자가 되다보니.. 더 딩크족으로 살겠다고 결심했던 것 같아요 지금은 아이들이 많이 커서 일상이 조금 자유롭긴 하지만 출산 안한분들은 체력도 어느정도  유지해서  더 젊어보이더라구요~ 임신을 하게되면 호르몬이 전체적으로 다 바뀐다고 하잖아요..~ 그 영향이 큰 것 같아요  네 맞아요~~ 임신때 관절뼈들이  약해지고   출산때 또 한번 약해져요 정말 엄청난 결심이 필요하네요 ... 정말 대단한 것 같아요 출산은 ~! 아이를  낳는것도  안낳는것도 둘다 굉장한 결정이 필요하긴하죠 두분만의  즐거운 인생라이프  부러우면서도  응원할게요~ 네 감사합니다~ 즐거운 저녁시간 되세요~~나중에 또 연락드릴게요 네~~~다음에  또 뵈어요~~~즐거운시간 되세요~,정상,피싱,99.9%,X
안녕하세요~~오늘도  날씨가 너무좋아요~~ 주말인데  오늘은 어디로 외출안하시나요 주말에 하루정도는 남편이랑 각자 시간을 보내서~ 오늘은 친구들이랑 놀러가기로 했어요~ 외출하시나요? 외출할려고 했는데  아이들이 나가기 귀찬아하네요 ㅡ.ㅡ 아 아이들이 오히려 나가기 귀찮아하나요?? ㅎㅎㅎ 보통 나가자고 조르지 않나요? 이상하게 어디나가기 귀찬아해서 같이   외출할려 준비하라고 닥달하느라 지쳐요 ㅜ.ㅜ 에구 어디 외출 가실때마다 고생이시네요 ㅠ 애들이 이제 점점 개인시간을 갖고 싶어하나봐요 각자 방에서 친구들과  게임하거나 통화하면서 노는걸 더 즐기더라구요 그래도 평소에 복작거리는 단란한 가족들을 보면 가끔 부럽기도 해요~ 저희 부부는 너무 조용하거든요 제 지인들은  자녀가 없는대신  부부가 같이 즐길수 있는 취미를 가지더라구요 그래서 즐겁게 취미활동하는거 보면 부러울때도 있어요 맞아요~ 저도 남편과 캠핑아니면 글램핑을 자주가요~ 가족단위로도 많이오더라구요 또 경제적인 부분도  더 여유있어서 부러운경우도 많았어요~ 네네 아무래도 돈 드는게 저희 둘 생활비만 드니까요.. 아무래도 교육비다 뭐다 만만치않죠? 교육비 의류 병원비 등등 많은부분을 차지하고 있어요~ 부담이 장난 아니시겠어요ㅠ 밤이 늦었네요 내일 다시 연락드려도 될까요? 네~~~벌써  밤늦은 시간이 되었네요~~편안한밤되세요~~,정상,피싱,100.0%,X
"오랫만이에요~~~어떻게 지내고 계셨나요~~ 잘 지내고 있었습니다~ 남편과 저녁 운동 나가려고 해여 저는  가족들과 저녁식사 끝내고  자유시간이에요~~^^ 자유시간이라니 너무 좋네요 ~ 주로 뭐하시면서 시간 보내시나요? 육아 퇴근이라고 하죠? 아이들이 커서  밥만주면 돼요~^^ 저 때만해요 육퇴란 말도 없었는데  말이죠~ 그나마 애들이 크면 수월하네요 ^^ 딩크족으로 살지만서도 ~ 아이들이 혼자 생활 할 정도가 되면 의지도 되고 친구처럼 지내기도 하니까 부럽기도 해요 네  ^^ 요즘은 좀 컸다고 각자 방에서 친구들과 게임하고 톡하면서 놀아요 덕분에 식사시간 끝나면 저도 자유시간을 즐기고 있어요~^^ 그렇군요~ 저는 반려묘는 키우고 있어요 ~ 정말 아이 키우는 거랑 비슷할 것 같은 느낌이네요 몇일전에  남편 휴가여서 단둘이 외출하고 식사하는데  아이들이  없으니 뭔가 허전하고 아쉽고  기분이 묘하더라구요~^^ 아무래도 그러시겠어요~ 근데 이미 저는 노산이고 ^^,, 딩크족의 삶을 계속 살 것 같네요  아이가 주는 행복도 있지만  자신만을 위한 충족한삶이 주는 행복도 있으니깐요~ 맞아요~ 둘이 열심히 살아보려구요..~ 반려묘도 소중하게 키우고 ^^~ 퇴근시간이 다가오고있네요 벌써 퇴근시간이군요~~~즐퇴하세요~~ 네~ 대화 즐거웠습니다 저녁 맛있게 드세요  네~~~즐거운 저녁시간 돼세요~~",정상,피싱,100.0%,X
"안녕하세요~ 저는 20대 여자예요 안녕하세요, 저는 40대 여성입니다. 만나서 반가워요  저는 요즘 건강을 위해서 산책을 자주해요~ 혹시 좋아하시는 운동 있으세요? 저는 2년전에 다리를 다쳐서 활동적인 운동은 하지 못해요. 간단하게 스트레칭 정도 합니다.  크게 다치셨나봐요~ 건강을 위해서라도 꾸준히 운동을 하셔야 겠네요~ 네, 그래서 실내에서 하는 할 수 있는일을 주로 해요.  타로점을 본다던가 TV다큐멘터리를 가끔 본다던가 등등  타로점이라니 정말 멋진 취미네요~ 저는 요즘 비올라연주를 배우고 있어요~ 오 비올라요?  바이올린중에서 가장 작은 사이즈 아닌가요?  멋지시네요 바이올린보다 조금 큰 악기예요~ 저도 배우는 단계라 아직은 서툴리지만 열심히 배우고 있어요~ 아 그렇군요. 바이올린보다 크군요.  잘 몰라서 하하 열심히 배우면 결실이 있겠죠 저는 요즘 위스키에 맛을 알아가는중이라 일주일에 서너번씩 위스키를 즐겨요~ 혹시 술도 좋아하세요? 네,  저도 친구들과 모임이 있을때 와인을 마셔요.  와인도 참 종류가 많더라구요~ 저는 아직 와인은 어려운거같아요~ 이제 곧 저녁인데 맛있는 식사 하세요! 네, 와인 천천히 알아가면되요. 즐거운 저녁시간 되세요",정상,피싱,99.8%,X
"벌써 시간이 이틀이나 흘렀네요. 잘 지내셨어요? 네 하루, 이틀은 그냥 후딱 지나가네요 요즘 연말이라 그런지 시간이 더 빨리가는거같아요 그쵸  아직 년말분위기는 없지만요.  맞아요~ 최근 사고로 분위기가 침체되어서 연말분위기는 없네요 그래서 저는 요즘 운동으로 기분전환하는중이에요~ 운동 좋아하세요 운동은 하고 싶은데 시간이 나질 않아요. 가벼운 스트레칭이나 요가는 관심이 있어요 요가 너무 좋은거 같더라구요~ 뭔가 정신도 맑아지는거같고~ 그렇죠? 별다른 운동기구가 필요한게 아니니까 집에서도 할 수 있을거 같아요 그렇겠어요~ 요즘 유튜브같은 영상도 많고 잘 되어있어서~ 혼자 배우기도 좋을거같네요~ 맞아요, 게으르지만 않으면되고, 머리로 생각하는걸 실천만 하면 되는데 쉽지 않네요.  맞는 말씀이네요~ 저도 매번 계획하지만 실천하기는어렵더라구요~ 혹시 운동경기 보는것도 좋아하세요? 저는 야구는 재미가 없더라구요 저는 보는것보다 직접하는게 좋아요.  요즘 골때리는그녀들...프로가 잼있긴하더라구요  저도 그거 재밌게 보고 있어요~ 그래서 풋볼장도 알아봤는데 인기가 많아서 자리가 없더라구요 ㅎㅎ 이제 곧 점심시간인데~ 점심 맛있게 드세요! 네~ 맛점하세요! 여자들도 풋볼에 관심을 많이 가지는거 같긴해요!",정상,피싱,99.8%,X
"안녕하세요~ 벌써 시간이 7주나 흘렀네요 ㅎㅎ 네 벌써 7주가 흘렀다니 믿겨지지 않아요. 이것저것  바쁘다보니 무엇에 홀린듯이 지나가버렸네요  저는 요즘 다이어트를 하려고 운동을 시작하려는데~ 추천하고 싶은 운동 있으신가요? 훌라후프는 어때요? 저는 이것도 괜찮을거 같아요 훌라후프 좋네요~ 집앞 골목에서 간단하게 하기 좋겠네요!! 맞아요 조용히 옥상에서도 괜찮을거 같아요 저희 옥상은 주인댁에서 이어져있어서 올라갈수가 없더라구요~ 그래도 가까운곳에 놀이터가 있어서 그것도 괜찮을거 같아요! @이름@님은 요즘 운동하시는거 있으세요? 제가 다리를 다친적이 있어서 스트레칭 같은거 하고 격한 운동은 못해요 그럼 요즘에도 스트레칭과 요가를 즐겨하시나요? 네.. 몸이 굳지 않을 정도로만 하고 있어요. 시간을 내서 운동하기가 쉽지 않거든요.  맞아요~ 운동하려면 참 부지런해야 하는거 같아요~  저도 비올라를 배우면서 운동까지 하려니 힘들더라구요~ 그쵸? 저도 그리생각해요. 취미도 운동도 의지가 있어야 하고 시간을 할애해야 할 수 있는거죠. 요즘같이 일에 치어사는 현대인들을 보면 저를 포함해서 너무 불쌍해요 맞아요~ 일을 해도 돈을 모을수도 없고, 근근히 사는데 취업도 너무 힘들어요ㅠ 말하고 보니 저는 취업 자소서 마저 쓰러 가야겠네요 네, 화이팅 하십시요. 저는  일하러 가야 겠어요. ",정상,피싱,100.0%,X
"자소서는 다 작성도 못했는데~ 벌써 시간이 4시간이나 흘렀네요 ㅎㅎ 그래요. 4시간이 벌써 지나갔네요 잠깐 바람도 쐬고 운동도 할겸해서 산책까지 다녀왔네요~ 네, 그러세요. 저는 잠깐이라도 시간내서 스트레칭 좀 해야겠어요. 최근에 프로야구 중계는 재밌게 보셨나요? 저는 야구동아리는 관심이 없는데 그래도 프로야구는 재밌더라구요 저는 딱히 야구도 관심이 없어요. 남동생이 스포츠를 좋아해서 동생이 보면 옆에서 잠깐잠깐 보는 정도 입니다.  저두요~ 식당에서 틀어줄때 보는정도예요~ 특히 친구가 야구부동아리를 하는데 전 관심이 안가더라구요~ 하하 저랑 비슷하시군요. 친구가 회사에서 산악동아리에 가입해서 한달에 한번 산행을 하는데, 저는 산을 타는것도 그리 좋아하지 않습니다.  저도 등산은 너무 힘들어요~ 안그래도 주말에 등산가자는거 거절하고 산책으로 변경했어요~ 산책하고 맛있는거 먹으려구요~ 이번주말에는 뭐하실 예정이세요? 이번주는  운동삼아 밀린 빨래 좀 해 볼까 합니다. 그리고 저녁에 주변 공원에 비치된 운동기구로  운동 좀 해보려구요.  요즘은 공원에 운동기구도 잘 되어 있더라구요~ 저도 가끔 즐겨해요~ 네 동네마다 공원에 잘 비치해놔서 꼭 우리동네가 아니더라도 한번씩 들러서 운동한답니다.  오늘도 건강을 위해서 운동겸 산책겸 다녀와야겠네요! 그래요. 저도 오늘은 퇴근하고 편한운동화로 갈아신고 걷기 좀 해야겠어요. 우리 다음에 얼마나 걸었는지 이야기해요... 오늘은 이만 일이 있어 나갑니다. ",정상,피싱,100.0%,X
"안녕하세요 저는 50대 여성입니다 안녕하세요, 저는 20대 여성입니다. 반가워요~저는 평상시 긍정적이고 매우 털털하거든요 님은 어떤 성향 이실까요? 넵, 반갑습니다! 저는 활발한 활동을 좋아하는 활기찬 성격인 것 같아요. 요즘에는 승마부 동아리에 참여해서 승마에 푹 빠져있어요. 어머 승마라니 멋지시다~그럼 어디에 거주하고 계세요? 저는 이천에 거주 하고 있어요 저는 천안에 거주하고 있어요. 저는 대학생인데, 제가 다니는 학교가 천안에 있어서요. 아아 대학생 분이시군요 젊음이 부럽네요~ 저는 가정주부예요 평상시 멜로 영화 보는 걸 좋아해서 영화 다시보기도 많이 한답니다 @이름1@님은 영화 좋아하시나요? 저는 공포영화를 좋아했는데, 지금은 무서워서 못 보겠어요. 영화 볼 때 주전부리를 드시는 편인가요? 저는 아이스 카푸치노를 좋아해서 항상 마시면서 영화를 봐요. 아하 카푸치노를 좋아하시는군요 저는 과일을 주로 먹으며 보는것 같아요 아 오렌지는 안먹어요 제 입에는 안 맞더라구요 오렌지를 안 좋아하시는군요. 그럼 좋아하는 음식은 어떻게 되시나요? 저는 한식 중식 분식 정말 좋아해요~특히 고기랑 면종류요! @이름1@님은요? 저는 한식을 엄청 좋아해요! 어머니가 한식 요리사시거든요, 어렸을 때부터 입맛이 이렇게 길러져왔어요.. 어머나 어머니가 한식 요리사시라구요? 너무 멋지시다  @이름1@님 저녁은 드셨나요? 저는 아직 저녁 전이라 식사 준비를 하러 가봐야 겠어요 저는 혈액형이 O형인데 O형 피가 모자르다고 문자가 와서 헌혈을 하러 가보려고요. 저녁은 그 다음에요! 나중에 또 봬요~ 네네 대화 즐거웠어요 또 뵐게요~",정상,피싱,99.5%,X
"37시간 만에 뵙네요~뭐하시고 계셨어요? 안녕하세요~ 3일만이에요. 저는 한국 민속의 이해라는 교양과목을 듣고 있어서 과제 공지를 읽어보고 있어요. 오 한국 민속이라 너무 좋네요 그러고 보면 요즘 시대에는 예전과는 다르게 전통놀이나 민속놀이를 즐기는 정도가 줄어든것 같아 안타까워요 맞아요. 저 어렸을 때만 하더라도 공원 또는 운동장에서 연 날리기를 하고 있는 친구들을 많이 봤었는데 이젠 안보여요. 어우 옛날 생각 나네요 맞아요 저도 우리 딸 어릴때만 해도 근처 에서 연날리기 하면서 즐겁게 시간을 보냈었는데 추억이네요 연 날리기도 재밌지만 부모님이랑 연 만드는 과정도 정말 즐거웠었어요.. 누구 연이 더 예쁜가 비교도 하고요. 하하 맞아요 그 과정이 참 재밌죠~저는 아주 한번씩이긴 하지만 명절때 가족들끼리 다 모이면 한번씩 제기차기 하면서 내기하고 놀아요~ 가족들 모두 제기차기의 고수가 되셨을 것 같은데요? 저는 항상 3번 차면 끝이에요..  어머 저랑 비슷하시네요~^^ 저도 1-3번 정도를 왔다 갔다 한답니다 저 빼고는 제 가족들 다들 제기 잘 차요 그럼 @이름2@님이 항상 지시는 거 아니에요? 슬픈데요.. 제 가족들은 모이면 주로 윷놀이를 해요. 와 윷놀이 정말 오랜만이네요~그런 놀이는 내기가 빠질수 없잖아요 내기도 걸고 하시나요? 여름에는 아이스크림 내기, 겨울에는 붕어빵 내기를 해요. 내기가 있어야 더 불타오르고 재밌어요. 어우 그럼요~ 내기가 있어야 재밌죠^^ 엇 저는 지금 친구가 전화좀 해달라고 문자와서 전화좀 해봐야 할것 같아요 네, 저도 한국 민속의 이해 과제를 수행하러 이만 가보겠습니다! 다음에 뵈어요~ 네네 또 뵐게요 오늘 즐거웠어요",정상,피싱,99.9%,X
"20시간만에 뵙네요~뭐하시고 계셨나요? 저는 오랜만에 공기를 꺼내서 공기놀이를 하고 있었어요. 엇 저 공기놀이 정말 좋아 했어요 학창 시절때 반에서 제가 공기를 잘 하는 편이여서 저만 왼손으로 해주곤 했거든요 왼손도 잘 다루시나봐요. 저는 왼손에 정말 젬병이에요.. 저도 오른손 잡이라서 왼손으로 그렇게 잘 하진 못했는데 괜한 자만감이였죠~요새도 공기를 파나요? 저는 거의 몇십년전에 했던 기억이 나요 네, 요새도 문방구에서 공기를 팔더라고요. 초등학교 때 공기놀이를 자유롭게 했었는데 전학을 간 학교에서는 공깃돌을 눈 보다 위로 던지면 안된다느니 여러 규칙이 많더라고요. 그래서 흥미를 잃었어요. 아~맞아요 지역마다 학교마다 공기놀이의 방식이 약간 달랐던것 같아요 저도 어느 순간부터 흥미를 잃었었네요 그거 말고도 운동장에서 사방치기 그려놓고 맨날 놀았었어요. 사방치기가 뭔가요? 제가 잘 모른것 같아요 검색해보니까 지역별로 이름이 참 다양하다고 해요. 흙바닥에 칸 나뉘어있는 그림 그리고 돌멩이 던져서 한 발로 뛰어가며 하는 놀이요! 아실 것 같아요. 아아 기억나는듯 해요 공기도 부산에서는 살구라고 하는것처럼 놀이도 지역별로 이름이 다양한것 같아요 부산에서는 살구라고 하나요? 처음 알았어요. 굉장히 맛스러운 이름이네요. 초등학교 때만해도 전통놀이를 되게 많이 했던 것 같아요. 닭싸움, 공기놀이, 연날리기, 딱지, 사방치기, 기마, 그네 등등 엄청 많네요. 네네 부산에서는 살구라고 칭해요 맞아요 전에는 체육대회때도 닭싸움 게임이 있었던 기억이 나요  예전 생각 많이 나네요~저는 @이름1@님과 이야길 나누다 보니 시간 가는줄 몰랐네요 밤이 늦어서 이만 잠자리에 들어야 할것 같아요@이름1@님은요? 저도 눈이 저절로 감기고 있어요. 자러 가봐야겠네요. @이름2@님 다음에 또 봬요! 얘기 즐거웠어요. 네네 다음에 또 대화 나눠요~^^",정상,피싱,99.6%,X
4시간 금방 지났네요~뭐하시고 계셨나요? 저는 요새 불면증이어서 간신히 잤는데 3시간만에 깼어요. 저도 막상 자려니 잠이 안와서 혹시나 연락드려봤는데 깨있으셨군요 저는 전에 저희 가족 끼리 제기차기 한 영상을 다시 보고 있었어요 너무 웃긴거 있죠? 우리 조카 분명 바닥에 제기가 떨어졌는데 다시 주워 올려서 아무일 없었단듯이 차는거에요~ 너무 귀여운데요? 어렸을 때는 승부욕이 더 장난 아니죠~ 어렸을 때 제 동생은 윷놀이 말이 잡혔다하면 울면서 물러달라고 그랬었어요. 에구..동생분도 너무 귀여우시다~저는 한번씩 옛날에 우리가 전통 놀이를 즐기던 그때가 그리워요 요새는 자연스레 잊혀져 가는 느낌을 받거든요 맞아요. 학교에서 비석치기와 투호 따위의 전통 놀이 수업도 가지곤 했었는데 사촌동생하테 들어보니 한 적이 없다고 하더라고요. 저는 저번에 역사축제가 열리기에 가봤는데 투호 던지기가 있길래 해봤거든요~하나도 안들어갔잖아요 저랑 똑같으시네요. 투호를 하면 하나도 안들어가요. 보통 투호던지기 장소는 많은 사람들이 주위에서 보고 있잖아요. 머쓱하더라고요. 맞아요 전부 저만 바라보고 있는데 5개가 하나도 안들어간거 있죠? 그러고보면 게임도 머리가 좋아야 잘할수있는건가봐요~전 영 재능이 없네요 전통놀이는 다 기술이 필요한 것 같아요. 심지어 딱지치기도요. 맞아요 모든게 다 그냥 되는건 없더라구요 딱지치기도 참 재미있었는데~예전에 고무?로 되있는 캐릭터 딱지도 많았잖아요~ 맞아요. 고무로 된 만화 캐릭터 모양의 딱지를 모으는게 취미였어요. 사는 족족 져서 빼앗겼지만요.. 어머 저도 그랬는데~저는 오늘 여동생을 만나기로 해서요 얼른 준비하고 나가봐야 할듯 해요 저도 강의를 들으러 가야해서 이만 마무리하시죠! 다음에 또 뵙겠습니다! 네네 다음에 또 대화 나눠요~^^,정상,피싱,99.7%,X
"안녕하세요. 저는 20대 여자이고 신문기자입니다. 그쪽은요? 저는 20대 남자입니다. 오늘 이렇게 만나서 반갑습니다. 혹시 이번 주말에 뭐하세요? 저는 주말에 친구 만날 거 같아요. 저는 친구와 자주 만나거든요. 거의 매일 봐요. 저도 친구랑 노는 거 좋아했는데, 요즘은 일이 안 풀려서 비통합니다. 그래서 약속도 안잡아요. 왜요? 무슨일 있으신가요? 잘 노시던 분이 왜 갑자기 비통해 지셨으려나.. 그냥 제가 내년에 필리핀으로 어학연수를 가는데, 그거 때문에 생각이 많아져서요. 어학연수 본인이 선택해서 가시는 거 아닌가요? 왜 그게 힘드신 걸까요.. 그냥 그건 맞는데, 부모님이랑 떨어져서 지내야 하는 것도 그렇고 해외에서 1년 2년 어떻게 있나 싶고.. 하긴 그나라 음식은 느끼한 음식이 많을 텐데.. 떡볶이 이런거 없지 않나요..? 없죠. 고추장이 없을 걸요. 매운 고추인가 그건 있던거 같은데 그걸로 떡볶이는 못만들죠 뭐. 김치도 없을 거 같고요.. 힘드시겠어요. 가면 한국에는 언제 들어오시나요? 저 한 1년에서 3년 있을 거 같아요. 못버티면 1년만 하고 오는 거죠 뭐. 필리핀으로 어학연수 가시려면 필리핀 언어도 좀 하셔야 겠어요. 그쵸. 아직 근데 못해서 틈틈히 공부해야죠. 그쪽은 어학연수 같은거 안가셔도 되나요? 저는 신문기자로 일하면서 해외 뉴스 쓰러 갈 때 한달 두달씩 있던 적은 있었어요. 그럴 때 안힘드세요? 그냥 저는 왜이렇게 겁이 나는지 모르겠어요. 음악 들으면서 쉬어 보세요. 저는 배고파서 밥좀 먹고 와야할 거 같아요. 네, 식사 맛있게 하시고, 다음에 또 시간 나시면 연락주세요.",정상,피싱,99.9%,X
"2일 동안 잘 지내셨어요? 저는 신문 기자일이 바빠서 이제야 연락드리네요. 네 잘지냈죠. 필리핀 어학연수 갈 준비도 틈틈히 하는 중입니다. 내년이라 해봤자 이제 3개월 남아서.. 음.. 우울 할 때 댄스 음악 같은 거 들어보세요. 저는 클래식 음악을 싫어해서 그건 비추 하고싶어요. 그러면 아이돌 댄스곡 같은 거 몇개 들어볼까요. 그럼 정신 없어서 힘들 거 같은데.. 아닌가요. 에이 힘낼 때는 신나는 걸 들어야죠. 클래식은 차분하잖아요. 잠만 올걸요. 음.. 알겠습니다.. 어머니가 집에 사과를 한반스 받아 오셨는데 저는 사과를 싫어해요.. 사과 멈춰! 사과가 얼마나 맛있는데! 사과에 대한 모욕입니다. 그 맛있는 걸 싫다고 하시다니. 어이쿠.. 그럼 나중에 사과 한박스 사드릴게요. 그렇게 좋아하시는 줄 몰랐어요. 감사합니다. 꼭 선물해주세요. 음, 평소에 좋아하는 음식은 그러면 뭐가 있으세요? 저는 양식, 한식, 일식, 중식 다 잘먹는 편인데 과일은 좀 잘 안먹어요. 저랑 반대네요. 저는 양식, 한식 종류는 먹는데 해산물을 잘 못먹거든요. 그리고 과일은 엄청 좋아하고요. 그런가요? 과일이 맛있나.. 그냥 단게 끝 아닌가요. 그리고 껍질 깎는 것도 귀찮고요. 아뇨? 맛도 다 다른데 달고 끝이라니요. 저는 포도, 키위, 자몽, 망고 다 잘먹습니다! 예.. 뭐 그럼 닭발 이런건 드세요? 저는 닭발 진짜 좋아해요. 뼈 있는 거 없는거 상관없이요. 저는 닭발은 징그러워서 못먹겠어요. 비주얼이 너무 비위가 상하는 비주얼이랄까. 그래요? 저는 맛만 좋던데. 그럼 곱창도 못드시나요? 그것도 좀 징그럽게 생겼잖아요. 네.. 곱창, 막창도 못먹어요. 저 과일 좀 몇개 더 깎아 먹고 올게요. 약간 허기져요. 알겠습니다. 저는 커피나 한잔 타먹어야 겠어요. 천천히 다녀오세요.",정상,피싱,88.4%,X
"커피 여유있게 드셨나요? 2시간이나 지났네요. 어우.. 과일 너무 맛있네요. 하하, 저는 좀있다가 닭발이나 시켜 먹을 까봐요. 말하니까 배고파요. 아 근데, 곱창 막창 얘기 했었잖아요. 그거 결국 대지 똥 나오는 곳 아닌가요? 맞죠.. 그렇게 말하니까 뭔가 기분이 좀 그렇네요.. 속이 안좋아요.. 사실 이잖아요. 그거 막 뉴스에 보면 똥 제대로 안씻어서 안에 남아있고 하던데. ..저 이제까지 엄청 맛있게 잘 먹었는데 그렇게 말하시면.. 앞으로 어떻게 먹지.. 진짠데. 사람들 그거 맛있다고 양념에 막 찍어먹고 하잖아요. 그냥 돼지 똥을 양념에 먹는 거 아닌가. 돼지똥이라뇨.. 그 건.. 일부분 이고 결국에는 그 쫄긴한 내장을 먹는 거잖아요. 내장.. 징그럽네요. 닭발도 발이고.. 진짜 사람들 비위가 어떻게 그렇게 쌔지.. 그럼 그것도 싫으시겠네요. 우설. 소혀 엄청 맛있다고 하던데요. 악! 그건 진짜 보기도 싫어요. 진짜 짜증나! 그거 만든사람 진짜 무슨 생각인거지? 저도 그 요리는 안먹어 봤는데 하도 맛있다고 하니까 궁금은 하네요. 으..으! 그거 익히기 전 후 다 봤는데..엄마.. 그거 씹어 먹는 거 저는 못보겠..욱 속울렁 거려.. 일본에 가면 그거 전문 요리점 많다더라고요. 저는 일본가면 한번 가볼까 싶기도 하네요. 필리핀에는 쌀국수 이런게 유명하지 않나요? 흠.. 그건 좀 다행이네요. 근데 필리핀 이런 곳에서는 고기 같은 거 먹기가 좀 찝찝해요. 나만 그런가. 맞아요. 도축 과정도 이상할 거 같고.. 아무튼 저는 좀 피곤해서 자러갈게요.. 속이 않좋네요.. 네, 푹 쉬세요. 제가 너무 비위상하는 얘기를 많이 했네요. 죄송합니다!",정상,피싱,99.8%,X
"안녕히 주무셨어요? 잠깐 잠든거 같았는데 벌써 하루가 지났네요. 시간 정말 잘 가죠? 어머니가 아침으로 사과 드시고 계시네요.. 나는 왜 사과를 싫어하지.. 그러니까요. 맛이 딱히 불호 일만한 맛이 아닌데 싫어하세요. 민초 드세요? 저는 무조건 반민초입니다. 그 치약을 먹는게 이해가 안가요. 헉, 저는 완적 극극호 민초단입니다. 민초단 대표 시켜줘도 감사합니다 하고 할거에요. 네? 치약을 그냥 짜서 입에 머금고 계세요. 굳이 치약을 돈주고 왜 사먹는거지..? 치약이라뇨. 민초에 대한 모욕입니다. 반민초단 맨날 할말 없으니까 치약 얘기만 하던데. 진짜 치약 같으니까 그말만 하죠. 민초 떡볶이, 민초 치킨 별게 다 나오던데요. 그것도 맛있을 거 같아요! 좀 달아서 그렇지 맛 자체는 엄청 맛있다고요. 민초 아이스크림, 민초 우유 무슨 뭐만하면 민초로 음식을 만들어요 진짜. 저는 행복하던데. 민초 초코파이도 맛있어요. 민초 소주도 나왔는데 아세요? 알죠. 그거 진짜 역대급으로 최악의 맛이었습니다. 그건 진짜 사람이 먹을게 못돼요. 민초프라페도 맛있는데. 정말 취향이 이렇게 갈려버리네요. 솔직히 민초단 몇명 없을 거 같아요. 그냥 튀고 싶어서 먹는다고 하는 거 아닌가. 그건 아닐거에요. 진짜 맛있거든요. 혹시 슈붕이세요 팥붕이세요? 저는 무조건 오리지널 팥붕입니다. 얼마나 맛있는데.. 슈붕은 원조가 아니잖아요. 저는 슈붕인데..아무튼 나중에 또 연락해요. 저는 씻으러 가볼게요. 넵, 저도 아침 간단하게 먹고 산책좀 해야겠어요. 나중에 만나요.",정상,피싱,86.4%,X
안녕하세여 저는 파릇파릇한 20대여자에여. 안녕하세요 저는 50대 남자입니다~ 반가워요. 요즘 술을 너무 먹어 그런가.. 얼굴에 뾰루지가 너무 나네요.. 적당히 마셔요.. 젊을때는 나도 많이 마시긴 했지만 허허. 적당한게 좋긴하죠.. 제가 최근에 맘에 드는 남자가 생겨서.. 이런거 하나하나 신경 쓰이죠. 그럼 더더욱 술을 많이 마시면 안되죠! 그러다 실수라도 하면 어쩌려고. 그건또 안된답니다.. 새내기라 술약속이 계속 잡혀 있어요 !! ㅋㅋ그렇겟네요 진짜 젊었을때 많이 놀아요 나중에 후회하지 않게 ! 하 그남짜 때문에.. 일본어 동아리 까지 들었어요.. 일본어 관심도 없는데 ㅋㅋㅋ. 정말 마음에 드나봐요ㅋㅋ 관심없는 일본어 동아리까지 든거면 ㅋㅋ. 이게 제 전략이랄까요.. 그냥 얼굴 많이 마주치기.. 1차원 적이죠? 그렇네요 저는 좋아하는 사람생기면 바로 표현부터했어요 표현을 잘해서 ㅎㅎ. 제가 요즘 그냥 생각이라는게 귀찮아요.. 그냥 이정도면 괜찮은 전략 아닌가요. 그러시구나 맞아요 사람마다 자기에게 맞는 스타일이라는게 있으니까 응원할게요! 응원해주시다니 고마워요 !! 저는 수업이 있어서 가볼께요 !! 그래요 들어가요 ~ 어떻게되는지 꼭 알려주고 !!,정상,피싱,100.0%,X
좋은아침 ! 잘지내셨어요?? 아~ 잘지내고 있죠.. 잘되어 가세요?? 아ㅋㅋ 그남자요?? 그냥저냥 일단 동아리 활동 열심히 하고있어요.. 그래도 일본어는 많이 느시겠네요 ㅋㅋ. 그러니까요ㅋㅋ~ 날도 추운데 따뜻하게 입고 다니세요!! 감기 걸려요!! 저는 뭐 밖에 나갈일이 없어서 신경안쓰셔두되요! 일은 하실꺼 아니에요 일하실때 따뜻하게 입고 하세요 하하!! 아니 나야 방송영상 편집기사라서..항상 편집실에 박혀있는걸..뭐.. 그러시구나 ㅋㅋ 그러면 뭐 여튼 따뜻하게 입으라는말 !! 알겠습니다~ 걱정 감사해요 ㅎㅎ. 하 근데 문제가 뭐냐면.. 그 남자애가 기독교에요.. 아주 신실한.. 아 그렇구나 근데 그게 문제가되나요? 근데 제가 불교고.. 저희집안도 불교란 말이죠.. 교회까지 따라가긴 좀.. 그렇잖아요? 그건좀 그렇죠 ㅋㅋ 그렇게까지 할 필요는 없을것같아요. 그러니까요ㅋㅋㅋ 하 어쩌지.. 여튼 수업들으러 가볼께요 !! 나중에 연락할께요 !! 그래요~ 들어가요 !! 또 연락줘요 !!,정상,피싱,100.0%,X
좋은아침! 주말이네요~ 무슨 계획 있으세여?ㅎㅎ. 없어요 ㅠㅠ 저는 오늘도 편집실이랍니다.. 아이고.. 고생하십니다.. 저는 오늘도 숙취로 고생중.. 얼굴에 트러블도 계속 나고.. 쉬엄쉬엄 마셔요.. 건강도 조금씩은 생각하면서 ..ㅋㅋ. 그럴수 없답니다.. 새내기를 막지 말아주세요.. 그래요 뭐 나때도 그랬으니까 뭐라 말은 못하겠네요 ㅋㅋ. 저는 뭐 짬뽕이나 먹으면서 영화나 보려구요 ㅎㅎ 영화 추천 부탁드려요!! 더넌 봐요 재밌습니다 ㅎㅎ 저는 공포영화를 가끔보는데 재밌더라고요. 무슨 아침부터 공포영화에요 ㅋㅋㅋ 추천해달라한 제가 잘못이네요;; ㅋㅋ젊으신데 편견이 있으시네.. 음.. 그냥 @브랜드명1@나 보면서 해장 해야겠네요 ㅎㅎ. 오 거기 내가 편집한 영상도 있을수있어요 ㅋㅋ 잘찾아봐요~ 오 그런가요~ 재밌겠는데요 ㅋㅋㅋ 다음에 알려주세요 !! 그래요 기회되면 한번 알려드릴게요 ㅎㅎ. 네~ 저는 이만 해장 하러 가볼께요 !! 일 화이팅 하세요. 그래요~ 들어가요 해장 잘해요 !!,정상,피싱,100.0%,X
오늘도 일하시는거아니죠?? 일요일인데?? 일하는데요.. 아직도 편집실입니다..하.. 아니 집에 못들어 가신거아니죠? ㅋㅋㅋ 말이되냐고요.. 어저께부터 집도 못들어가고 밤새고 작업중이네요 ㅋㅋ. 아이고.. 식사는 제대로 하고 계세요..? 밥은 많이 먹었어요ㅋㅋ 살이 많이 쪄서 문제네요 ㅋㅋ. 그래도 그건 다행이네요.. 뭐 무슨 영상 편집 중이신데요?? 저는 영어교육영상 편집중이에요 ~ 으.. 진짜 지루하겠는데요 ㅋㅋ 괜찮으십니까!!! ㅋㅋ저는 영어를 좋아해서요ㅎㅎ. 그것 참.. 다행이네요 ㅋㅋㅋ 오늘 그거 하면 쉬시는거에요? 네 이것만하면 이제 쉽니다!! 거의 다 끝났네요. 저는 그남자랑를 포기했습니다.. 기억나세요 내가 말했던? 아~ 그 좋아한다던ㅎㅎ 왜요?? 나랑 안맞는게 너무 많아서요..ㅠㅠ 여튼 저는 약속때문에 이만 준비하러 가볼께요 !! 일 잘하세요 !! 네~ 들어가세요 !! 나중에 연락해요.,정상,피싱,100.0%,X
"안녕! 나는 20대 여자이고 국어국문학과에 재학중인 대학생이야 반가워! 안녕! 나는 20대 여자이고, 성공한 치과의사야~ 반갑다!! 와 치과의사 돈 많이 벌겠다! 부럽다~~~~!!! 난 아직 대학생인데!! 돈 많이벌면 모해..요새 삶이 무기력해서. 자주 초조해.. 많이 바쁘구나??? 왜 무기력해해ㅠㅠㅠ 돈이 다가 아니야?? 웅..워라벨이 최고여...해결방법이 없을까? 일을 그만둘순없고 ㅠ. 내종교는 원불교인데, 누가 그랬어 마음이 평안해야 모든 만물이 평안하다고! 나도 종교나 믿어볼까.. 조언 고마워!! 너는 요새 뭐하고 지내니? 웅 종교 추천해!!! 나는 요즘 맛집 투어중이야!!! 빵 맛집!!ㅎㅎ. 오호! 어떤 종류의 빵을 좋아해? 나는 양식을 좋아해서, 바게트 좋아해!! 오 바게트도 완전 좋아 겉바속촉 안에 앙버터 들어가도 미친 조합! 캬!! 침고이네 ㅎㅎ 너덕분에 기분이 많이 좋아졌어 고마워! 아 맞아 나 요즘 방탈출 게임도 자주 하는데, 너 해봤어?? 존잼~ 오 진짜? 나는 한번도 안해봤어 ㅠㅠ 그거 요새 엄청 핫하던데.. 웅 완전 스릴 넘치고 성취감 장난아님!! 너 무기력하다며 추천! ㅋㅋㅋㅋ해봐야겠네 ㅎㅎ 방탈출 클리어못하면 완전 창피하겠는걸? 아니면 내일 뭐해?? 나랑 같이 하러 가볼래?? 재밌을 거야~ 오 정말?? 너무 좋지 ㅠㅠ 마침 내일 일 쉬는날이거든!! 오 좋다!!! 그럼 내일 오후 다섯시에 학교앞에서 보자! 잘자 내일봐~ 좋아좋아!! 내 붕붕이로 데리러갈게! 기다리고있오 안녕~",정상,피싱,92.4%,X
"1 일 지났다!!!! 오늘 방탈출 할 준비 되었나 친구!!!!! 그럼!!그럼!! 공부도 다 해왔다구~ 거기서 사진도 찍자 ㅎㅎ. 아아아ㅏ아아아아아 친구야 미안 나 못나갈 것 같아ㅠㅠㅠㅠ짜증나. 엥? 무슨일임??? 큰일이야?? 왜그랭 ㅠ. 거울을 보고 왔는데, 얼굴에 왕 큰 여드름이 세개나 났어 진심 심각해. 홀리쓌 ㅠㅠ 어쩔수없겠네...내 동기 중에 피부과하는애 있는데 소개해줄까? ㅠㅠㅠ아 나 진짜 피부에 민감한데 진짜 화나네ㅠ 웅 소개해줘. 그니까 거기 완전 잘한다고 소문이 자자해! 나도 거기서 하거든 ㅎㅎ 기대해. 웅 알려줘 알려줘!!! 그리고 잘부탁한다고 전화도 한통 부탁해ㅠㅠㅠ. 당연하지!! 걱정하지마~ 너도 완전 맘에 들거야! 바로 전화해야겠다! 혹시 친구 찬스로 무료로 진행하는거야?? 나 돈없는 대학생이잖아~ ㅋㅋㅋㅋㅋ헤이~ 양심이 있지~ 근데 너 비용은 내 정액권에서 차감하라고 할게 ㅎㅎ. ㅋㅋㅋㅋㅋ오 역시 부자 친구는 다르구만??? 고맙다 고마워! 너가 최고야! ㅋㅋㅋㅋ별거아님~거기한번 받아보고 맘에들면 말해! 내가 이용권 끊어줄게! 하아 피부 나아지면 다시 방탈출 가자 내가 풀코스로 쏠게 그건 정말ㅠㅠ. ㅋㅋㅋㅋ구랭! 나는 양식좋아하니까 양식사줘~! 라라코스트!! 웅 알겠어 나 금수저야 비싼거 먹으렴!ㅎㅎㅎㅎ. ㅋㅋㅋㅋ학생이 돈이 어딨어~ 라라코스트도 충분히 비싸 ~! 나 람보탄다? 몰랐지? 담에 태워줄게! 람보타러 간다! 빠이. ㅋㅋㅋㅋㅋ@브랜드명1@?? 맞아?ㅋㅋㅋ 암튼 담에봐 바바이!",정상,피싱,100.0%,X
3 시간만에 돌아왔다 친구여! 고맙다 너덕에 시술 잘 받고 왔어. ㅋㅋㅋㅋ람보 잘 타고옴? 피부는 어떻게 됐어? 맘에들어? 웅 람보 타고 갔더니 다들 놀라던데? 여드름 박피하고 옴 완전 맘에들어! ㅋㅋㅋㅋ다행이다 ㅎㅎ 미용에 관심이 많구낭..여드름하나때매 약속을 펑크내다니ㅠ. 진짜 미안해ㅠㅠㅠ 근데 진짜 심각했단말여ㅠㅠ. ㅋㅋㅋㅋㅋ사실 들었어. 내 동기가 무슨 엄지발톱만한 여드름이라고 하던데? 웅 그니깐 그게 얼굴에 났다고 생각해봐 진짜 끔찍하지 않어??ㅠㅠㅠ. ㅋㅋㅋ그래도 잘 해결돼서 다행이얌 ㅎㅎ 이제 모행? 나 배고파서 파스타 해먹으라고!!!! 로제!ㅎㅎㅎ. 오오! 요리 잘해? 나도 요리 잘하고싶다 ㅠㅠ. 나 요리 그냥 그저그렇게 해! 담에 놀러와 해줄게~ 이거 또 기대하게 해놓고 약속 깨버리는건 아니겠지? 웅 절대! 네버! 안깰게!! 약속해!!! 너는 뭐해???? ㅋㅋㅋㅋ나는 티비보고있어!! @브랜드명2@!!존잼. 오 @브랜드명2@로 뭐봐??? 휴일날은 무조건 @브랜드명3@이지 인정! @브랜드명2@로 이태원클라쓰 보는중 ㅎㅎ @이름1@ 너무 멋졍. @이름1@ 존잘이지~~~ 이태원클라쓰를 이제 본다고? 난 본방 봤음. 나는 드라마 몰아보기를 좋아해서 본방은 잘 안봐 ㅎㅎ. 오늘 진짜 고마웠어! 내가 다음 우리 약속 때 꼭 다 살게ㅎㅎ 피곤해서 먼저잘게 안녕~ 알겠오 ~ 기대한다!!얼른자고 내꿈꿔 안뇽~,정상,피싱,100.0%,X
안녕! 5 일 만에 연락하네!!!! 칭구 오늘은 뭐해??? 내일은 뭐해??? 안녕! 오늘은 출근하고! 내일은 아무것도 안해!! 너는? 오늘도 여전히 바쁘구나ㅠㅠㅠ 나도 오늘은 학교가고 내일은 쉬어!! 그렇구나!! 학교생활 재밌니?? 엠티는 언제가? 엠티 가고싶다.... 나 늙어서 엠티 안가ㅎㅎㅎ 야 혹시 내일 방탈출 갈래? 드디어 방탈출!!! 나 기다렸다구~! 너무 좋지. 오케이 바로 예약한다! 우리 시간 단축하고 오자!!!! 기대된다. ㅋㅋㅋㅋ너무 좋지!! 기록세워보자 진짜! 그리고 끝나고 삼겹살먹자!! 좋아!!! 내가 구워줄게 나 고기 잘구워!!!! 장난 아님!!! ㅋㅋㅋㅋㅋ그래?? 나는 살짝 노릇노릇할떄 먹는거 좋아해!! 나는 거의 태우다 싶게 먹는거 좋아해!!! 우리 잘맞네ㅎㅎ. ㅋㅋㅋㅋㅋ뭐가 잘맞아!! 태우면 너무 딱딱해져!! ㅋㅋㅋㅋ아니 말이 그렇다는거지ㅎㅎㅎ 헤이 나랑 잘맞기 싫어? 아니~ 나 너무 좋아하지마~ 그럼 내일 쏘주도 한잔임? 웅 그러자 소주한잔 하자 소맥 마셔야지! 아 너 연맥 알어? 나는 쏘맥 기가막히게 말수있는데 ㅋㅋㅋ 연맥은 뭐야? 연태고량주 플라스 맥주 진짜 맛있다 내가 말아줄게~ ㅋㅋㅋㅋ대박이다 역시 학생은 다르구만 ㅎㅎ 기대돼 ㅎㅎ. ㅎㅎㅎㅎㅎ좋다 좋아 내일 보자~~!!! 내일은 늦지 않을게 안녕!!@ 그래 암튼 내일보자!! 오늘 하루도 마무리 잘하고!! 안뇽~!,정상,피싱,100.0%,X
안녕하세요. 저는 10대 여성이에요 와 어리시다 저는 30대 여성이에요 ~  저는 언니 좋아해서 친해지고 싶어요~ 사는 곳이 어디신가요? 저는 성남에 살아요 정말요 ~? 저는 서울 살아요 경호원 일을 하는데 혹시 연예인 좋아해요? 내가 보여줄 수 있어요 당장 보러 가도 될까요??? 성격이 급해서 바로 추진해야 직성이 풀려요 하하 저도 성격급한 O형인데 혈액형이 뭐에요?! 저는 AB형이랍니다. 제가 서울 가면 혹시 스파게티 드시겠어요?? 저는 스파게티를 즐겨 먹어요! 너무 좋죠 스파게티 생각하니 벌써부터 설레이네요. 제가 오전에 주로 동영상 채널를 보는데 아는 맛집이 있어요 어떤 스파게티 좋아하시나요? 저는 크림 종류는 다 좋아해요 저는 토마토 위주로 좋아하는데 같이 먹게 된다면 각 각 시켜야 겠어요 어차피 저는 세명분도 거뜬히 먹는답니다. 걱정하지 마세요 저도 그정도는 거뜬하니 우리 그 날은 파티를 즐겨보아요 네 ㅎ그런데 오늘은 제가 이만 학원을 가봐야 해서요 나가봐도 될까요? 네 우리 다음에 다시 이야기해요,정상,피싱,99.5%,X
 안녕하세요 4주만이네요~ 요즘도 오전에 유튜브를 보셨나요? 잘 지내셨어요?,정상,피싱,100.0%,X
" 엥 벌써 4주나 흘러버렸어요~? 시간 가는지 몰랐어요 누군가 제 시간을 도둑질 해간게 아닐까요  도둑질해간 사람 고소해버리시죠?! 경호원 일을 하다 보면 폭행사건으로 고소하는 경우도 더러 있나요? 내 많은 사람들을 제지하다 보니 감정이 격해져 상대방이 폭행으로 고소한적이 있어요 제가 생각해도 저의 입장과 상대방의 입장이 이해가서 안타까워요 제가 하는 일 자체가 누군가를 지키고 제지해야 하는 일이다보니 오해가 생길 수 밖에 없더라구요 그렇겠네요 저는 아직 학생이라 법에 대해 잘은 모르지만 세상을 슬기롭게 살아가려고 생활에 필요한 법은 알아두려고 노력하고 있어요.  오 그런 법관련 정보는 어디서 얻으시나요? 저는 법과 규칙 등 제도에 관련해서는 무지하답니다 요즘엔 인터넷에 많이 나와 있어서 관심 있는 법 검색해서 찾아봐요~  유튜브에도 법관련된 컨텐츠가 많이 올라오죠? 네 워낙 유튜브에 많은 컨텐츠를 주제로 다루는 영상들이 많다보니 여러가지 정보들을 얻을 수 있어요 저는 혈액형 관련 정보고 유튜브를 통하여 알게됐답니다 역시 요즘엔 너무 편하게 살 수 있는거 같아요 그만큼 지켜야 할 법도 많아진 것 같구요. 혹시 추천해주실 유튜브 있을까요? 제가 나와서 연예인을 경호하는 컨텐츠 영상이 제작된 적 있어요. 경호원의 직업을 사람들에게 알려주는 컨텐츠더라구요. 성남에 관한 컨텐츠를 주제로 한 영상도 있나요? 사실 성남에 가본적이 없어 계속 궁금했거든요 있는지 한 번 찾아봐야겠네요. 제가 좋아하는 스파게티 컨텐츠도 같이 찾아봐야겠어요! 스파게티는 언제나 맛있어요 저는 남은 소스에 밥도 비벼먹는답니다 친구도 그러시나요? 밥 비벼먹으면 리조또겠네요~ 맛있겠어요! 먹는 얘기가 나오니 밥 먹으러 가야겠네요~ 성격이 급한 저는 얼른 밥 차리러 가볼게요  네 저녁 맛있게 드세요 저도 일 보러 가보겠습니다""",정상,피싱,73.3%,X
안녕하세요 일주일 만이네요. 7일이라는 시간이 길고도 짧은거 같아요. 맞아요 저는 여전히 유튜브를 보며 하루를 보냈더니 시간이 금방 지나갔어요 어떤일이 있으셨나요? 성남에 불이 났는데 누가 일부러 질렀다더라구요 아마 방화죄로 잡히겠죠? 오 놀라워요 그런 일이 있었다니 안타깝네요 해당 기사는 유튜브를 통하여 보았어요 범인이 아직 잡히지 않은 것 인가요? 네 아직이요. 방화에 절도까지 했더라구요 가중처벌 받겠죠? 와 정말 위험했겠어요 저같이 경호일을 하는 사람이라도 범인이 들어오면 당황 할 것 같은데 말이에요 그러고보니 지금은 저녁시간이네요 저녁 메뉴는 고르셨나요? 역시 저녁에는 스파게티죠 이정도면 너무 즐겨 먹나요?님도 저녁메뉴 고르셨나요ㅠ  스파게티는 언제나 맛있어서 무죄입니다 저의 저녁은 김치찌개로 근사하게 요리할 예정이에요 오 저는 두끼도 거뜬하게 먹는데 지금 달려가도 될까요?  물론이지요 성남에서 서울을 오기까지 힘들지 않나요? 역시 성격이 급하셔서 벌써 올 생각부터 하시다니 너무 재밌는 분 같으세요^^ 하하하 요즘은 어떠신가요 세상이 시끌벅적하니 저는 심란해요 심란하시군요  하긴  요즘 크고 작은 사건들이 많았죠~ 법을 모두 잘지키는 사회가 되어야 할텐데요 맞아요 작은 사고들도 하물며 법과 규제를 어긴 사건이다보니 많은 사람들이 쉽게 그 선을 넘는 것 같아요 그렇네요. 이렇게 대화하다 보니 벌써 저녁시간이네요 이만 저녁식사하러 가볼게요 다음에 또 대화 나눠요 네 맛있는 저녁시간 되세요 ^^,정상,피싱,99.4%,X
안녕하세요 시간이 참 빠르죠 1주일이 벌써 지나갔으니까요 안녕하세요 벌써 7일이 지났다니 최근 유튜브를 통하여 안전사고와 관련된 기사를 보았어요 혹시 아시나요? 네 맞아요 책임자를 찾아 처벌해야 한다는 말만 하더라구요. 어떤 법을 적용해야 할지 애매하고 민감한데 말이죠 맞아요 이미 일어난 사건에 집중하기보단 이걸 규제 할 방법 등을 구상하는게 중요하다 생각해요 그 일은 참으로 안타깝지만요  역시 경호원이라 그런지 남자답고 멋진 생각이네요!  오해하셨지만 저는 여자입니다 여자가 경호원 일을 하시는 건 자주 보지 못한 일이라 종 종 오해들 하세요 죄송해요 저의 편협한 생각이 남자로 오해했네요. 더 멋있어요! 여성분이시면 경호하면서 법적으로 더 싸울일이 많은가요? 법적인 부분도 없지 않아 있지만 대부분 사람과 함께 겪어야 할 문제로 처치 시 오해가 생긴다면 법정공방까지도 갈 수 있다 봅니다 그래서 항상 조심하고 있어요 요즘엔 그런 세상이 되었네요 안타깝게도 님은 열심히 일을 할 뿐인데요! 저는 학생이라 학생폭력 관련해서 아주 민감하답니다. 그래서 그런 문제에 휘말리지 않으려고 조심하고 있어요 오 그러시군요 참 궁금한 것이 생겼습니다 저는 호기심이 많아서요 다른이 다름이 아니라 님은 성격이 급하다고 하셨는데 그럼 무단횡단에 대해서는 어떻게 생각하시나요? 무단횡단은 나와 운전자 모두 위험한 행동이라고 생각해요~ 괜히 어렸을 때 부터 교육하는게 아니지 싶어요 그래서 저는 지키려고 노력해요 와 멋진 말씀이네요 맞아요 요즘은 사회가 사고자를 원망하지 않고 무단횡단 한 사람에게 큰 죄가 있다고 정확히 말하는 것 같아요 저도 그 생각에 동감하구요 운전을 할 때면 사각지대 등에 가려져 보행자가 보이지 않는 경우 언제 어떻게 튀어나올지 예측할 수 없거든요 좋은 말 네 좋은 말 많이 나눴네요 저는 이만 저녁식사하러 갈게요 다음에 또 대화 나눠요! 식사 맛있게 하시구요 네 즐거운 저녁시간 되시길 바래요 ^^ 감사합니다,정상,피싱,98.7%,X
"안녕 나는 20대 여자이고 나는 학원 사회 강사야 반가워! 안녕! 나는 20대 여자이고, 철학을 부전공하고있어! 하이루~ 오 반가워! 친구네~! 나는 오늘 강의를 위해 아침 시사 뉴스 보는중 너는 뭐해!? 오우 대박 멋짐 ㅎㅎ 나는 아침에 음악들어 ㅎㅎ 학원 강사 힘들겠다 ㅠㅠ. 오 여유있어 완전 부럽다!ㅠㅠ 나 요즘 가끔 초조한데 추천해줘라 노래! 요즘 노래는 사실 트롯이지. 트롯은 너의 내면까지 춤추게할걸? ㅋㅋㅋ오 @이름1@ 요즘 핫하잖아? 사랑은 늘 도망가~ ㅋㅋㅋㅋㅋ맞아맞아! 나도 요새 @이름1@에 빠졌어... @이름1@ 몸도 좋아 ㅠ. @이름1@ 홈트레이닝 장난아니게 많이 한데 그래서 나도 요즘 가끔 하잖아ㅎ. 대박이넹 ㅎㅎ 나도 해봐야겠다. 영웅오빠랑 만나려면 나도 몸짱돼야지! 꿈깨 @이름1@은 일반인 안만난다!!!!ㅎㅎㅎㅎ. ㅋㅋㅋㅋ헤이; 나 철학가임; 꿈은 꿀수있을때 꾸는거라고생각해. ㅋㅋㅋㅋ그려 철학가 꿈을 잘 연구해보도록! 응원할게!! 고마워...얼른 홈트레이닝 장비같은것도 알아봐야겠다 ㅎㅎ. ㅎㅎㅎㅎㅎ나는 얼른 출근하러 가봐야겠다 오늘 대화 즐거웠어~ 오늘 대화 즐거웠어 !! 출근화이팅하고 담에 또 대화하장 안뇽~!",정상,피싱,99.9%,X
안녕! 2일만에 연락하네! 잘지냈어~~??ㅎㅎㅎ. 안뇽~!잘지냈지!! 너는 뭐하고 지냈니???ㅎㅎㅎ. 나는 이번주말에는 영화만 보면서 집콕했어ㅎㅎㅎ. 오우 나돈데!! 무슨영화봤어?나는 코미디영화 싫어해서 액션영화만봄 ㅎㅎ. 나는 코미디랑 멜로 좋아하는디ㅎㅎㅎ 나랑 영화취향 반대네! 그러겡 ㅎㅎ 코미디영화 너무 억지웃음이야 ~!~! 액션이 최고라구~! 그래도 마음이 따뜻해지고 행복해지잖아!! 나는 행복한게 좋아! 그렇구나.. 혹시 코미디영화 하나 추천해줄수 이썽?? 흐음 얼마전에 나온 공조2 봤어??? 그거 재밌데ㅎㅎㅎ. 아니 안봤어!! 무슨내용이야??궁금하넹ㅎ. 몰라 나도 안봐서ㅋㅋㅋㅋㅋ공조1은 봤는데 그것도 기억이 잘안넿ㅎㅎ. ㅋㅋㅋㅋㅋㅋㅋㅋㅋ뭐야;;나도 공조 1은 봤엌ㅋㅋㅋ@이름2@존잘. ㅋㅋㅋㅋㅋㅋㅋㅋ칭구들이 재밌다더라고ㅎㅎ 같이 보러가실?? ㅋㅋㅋㅋㅋ코미디 싫은디..그거는 액션도 섞였으니까 ㄱㄱㄱ. ㅎㅎ코미디 편견을 깨주지ㅎㅎ오늘 대화도 즐거웠어 또 대화하자! ㅋㅋㅋ그래 기대해볼게! 오늘도 즐거운 대화였어!! 안뇽~,정상,피싱,99.9%,X
"하이 5일만에 연락하네! 요즘 타국가 이슈 터지는것때문에 바빴다. 하윙~! 그니까. 요새 여기저기 왤케 시끄러운거야 진짜 ; 중국에서 코로나 발생한 이후로 조용한 날이 없는거 같어. 그니까 도대체 언제쯤 완전 끝나는 걸까. 너는 백신 맞았니? 웅 맞았지.진짜 마스크 쓰고 다니는 것도 불편해 죽겠는데, 언제까지 지속해야해? 나는 아직까지 안맞았어! 나 슈퍼면역자인가? ㅎㅎ. 백신 맞는다고 코로나를 안걸리는게 아니라 아픈걸 좀 들 아프게 해주는거야 바보야. 그렇구나 ㅎㅎ 몰랐지뭐야~그럼 얼른 맞아야겠다 ㅎㅎ. 웅 얼른 맞어 나는 맞는거 추천해 정말!!!! 맘편하다구~ 화이자? 요새 아무곳이나가면 다 맞을수있는거지?? 흠 나도 모르겠네 인터넷 찾아봐봐 칭구야! 너 20대임! 나 핑프임 ㅎㅎ 찾아줘!! 귀찮단 마리야~! 미안 난 시간이 금인 사람이라 그런거 못해~~~!!! 너무행~! 나삐짐 ㅎㅎ 나 달래주려면 힘들텐디..감당가능? 몰라 나 얼른 출근해야겠다!!! 바쁘다 바빠 @브랜드명1@사회!! 다음에 또 대화하자 안녕~!!! 오우 쮔 ~! 나 울어~! ㅠㅠ 암튼 오늘도 화이팅하고 담에 또봐유~!",정상,피싱,99.8%,X
하아 2 일만에 연락하네! 오늘도 힘들었다ㅠㅠ 맥주한잔 해야지ㅠ. 그니까 하루하루가 왤케 힘드냐 정말;; 맥주한잔두잔세잔먹어! 맥주에 타코야키 하나 시켜서 먹어야겠다 너는 뭐하니??? 나는 @브랜드명2@ 틀어놓고 멍때리는중 .. 귀호강중이야 .. @브랜드명2@는 없는게 없지 뭘로 귀호강중이야?? 같이하자~ 비긴어게인 레전드 보는중~! 악뮤 수현이 노래 너무 잘행~! 나 팬할랭! 악동뮤지션 나 좋아해!!!! 찬혁이 요즘 킹받어!~~~~~ ㅋㅋㅋㅋ찬드래곤 무시 ㄴㄴ 요즘 제일 간지남;; 이찬혁 그 길거리에서 쇼파에 앉아있는거 봄? 완전 웃김! ㅋㅋㅋㅋㅋㅋㅋㅋ그니까 돌았음 ㄹㅇ 세종대왕인줄 ㅎㅎ 찬혁이 인생부럽다! 그니깐 찬혁이 완전 부자던데 그사세여 완전! 부럽다ㅠㅠㅠ. 그니까...돈을 얼마나 버는거야 도덕책;;아지트도 개많던데 ㅎㅎ. ㅋㅋ너 나혼자 산다 봤구나? 나도 봄ㅋㅋㅋㅋ 완전 부러움~ ㅋㅋㅋㅋㅋㅋ우리같은 아싸는 금요일에 집콕이지ㅎㅎ 존잼임 ㅎㅎ. 후 또 티비보러 가야겠다 안뇽 오늘도 대화 즐거웠어 바이! ㅋㅋㅋ나도 즐거웠어! 또 대화하장 안뇽! 룰루~!,정상,피싱,99.9%,X
"저는 30대 남자인데 그쪽은 나이가 어떻게 되시는가요?? 안녕하세요, 저는 20대 남자입니다! ㅋㅋ 저는 요즘 돈을 많이 벌고 있어서 참 기분이 좋네요! 그렇시군요! 정말 좋으실 것 같네요 ㅎㅎ 어떤 일을 하세요? ㅋㅋ제가 가구 디자이너인데 요즘 일잘러로 소문이 나서요! 오호.. 어떤 이유 때문에 일잘러로 소문이 나신 걸까요? 가구를 잘 만들거든요! ㅎㅎ그래서 요즘 사람들이 많이 찾아주어서 기분이 좋아요. 그러시구나, 정말 기분이 좋으실 것 같네요, 어떤 가구를 만들죠? 저는 소파를 가장 잘 만들어요! 소파 좋아하시나용? ㅋㅋ. 그러시구나, 저는 소파 정말 좋아하죠! 집에 여러 개 있습니다 ㅎ. 와 ㅋㅋ 그러시면 집이 참 넓으실 것 같아요! 부럽네요~ 주로 돌소파를 애용하고 있는데, 돌소파도 만드시는 걸까요? ㅋㅋ 사실 저는 돌소파는 싫어해서 안 만들어요! 유익한 대화였어요~ 아하! 나중에 한 번 그쪽이 만드시는 물건을 보고 싶네요! 또 연락해용.",정상,피싱,100.0%,X
"하루 지났습니다! ㅎㅎ 저는 어제 처음으로 돌소파를 봤네요! 네 안녕하세요, 저는 어제 기미를 없애고 왔습니다 ㅎㅎ. 와 ㅋㅋ 피부에 신경을 많이 쓰고 계시는 것 같군요! 제가 최근에 햇빛을 많이 맞았는데, 기미가 생겼네요 ㅎㅎ. ㅜㅜ그러면 그쪽은 왜 햇빛을 많이 맞고 계시는 건가요? 제가 여름을 좋아하거든요!! 서핑을 하고 왔네요~ ㅋㅋ그러시군요! 그런데 저는 여름을 참 싫어해요! 그쪽은 어떤 이유 때문에 여름을 싫어하시는 건지 물어봐도 돼요? ㅜㅜ 제가 체질상 땀을 많이 흘려서 그렇습니다! ㅜㅜ슬프네요. 그러시구나.. 사실 저도 체질상 땀이 많은데 여름은 항상 즐겁더라고요!! 오오 참 특이하네요! 저는 여름보다는 겨울이 좋아서 집에만 있어요. 아하, 그쪽에 대해서 더 알고 싶어지는 말이네요. 무얼하시나요? 저는 집에서 TV를 자주 보네요! ㅋㅋ 대화 즐거웠어요! 그렇군요! 알겠습니다, 저도 대화 정말 즐거웠습니다~",정상,피싱,100.0%,X
"벌써 2일이 지나가 버렸네요! 저는 TV를 보고 있었어요. TV라니, 정말 즐거우시겠네요. 어떤 프로그램을 보고 계셨나요? ㅋㅋ 홈쇼핑 채널을 보았는데 정말 흥미로운 점이 있었습니다! 그러시군요!! 어떤 부분이 흥미로운지 여쭤봐도 될까요? ㅋㅋ제가 만든 가구를 홈쇼핑에서 팔면 잘 팔릴 것 같아서요! 자신감이 넘치네요. 그렇군요, 그러면 저였어도 너무 기쁠 것 같아요!! ㅎㅎ 그래서 아는 지인에게 판매를 위해서 연락했습니다! 오오 잘 성사되시면 좋으실 것 같은데요!! 어떻게 되었나요? 이번에는 제가 좋아하는 빨간색이 가득 들어간 가구를 팔아보려고 해요~ 그러셨구나, 그쪽은 왜 빨간색을 좋아하시는지 물어봐도 되나요? 제가 여자친구가 있는데 여자친구가 잎술이 빨개서요! 그런 이유가 있으셨군요, 저는 초록색을 너무 좋아하고 있네요 ㅎㅎ. ㅋㅋ그렇군요! 그러면 저는 이만 여자친구 만나러 갈게요! 그러세요~ 오늘 정말 즐거운 시간이였어요 ㅎㅎ.",정상,피싱,100.0%,X
"1일 지나갔네요! ㅋㅋ 저는 어제 하루 여자친구와 만나고 왔어요! 그러셨군요. 저는 요즘 항상 만족스러워서 좋네요 ㅎㅎ. 오오 그러신가요? ㅋㅋ 그러면 그쪽은 왜 만족스러우신거죠? 부모님께서 금전적으로 해주시는 지원이 감사해서요 ㅎㅎ. 와 ㅋㅋ 참으로 감사하다는 생각이 들 거라고 봅니다! 네 맞아요, 제가 곧 뉴질랜드로 어학연수를 가거든요! 정말이신건가요? ㅜㅜ 부럽다는 생각이 드네요! 저는 가본적 없어요. 저는 뉴질랜드에 가서 디자인을 전공할 건데, 아직 몇 가지 난관이 있네요!! 오오 예를 들면 어떤 난관이 있으신건지 궁금하네요! ㅋㅋ. 우선 영어 실력을 조금 더 키워야할 것 같아요, 아직 생활영어까지 밖에 안 되네요. ㅜㅜ그러시군요! 그러면 그쪽은 영어를 못 하시는 건가요? 생활영어를 해요~ 그래서 학원을 열심히 다녀보려고 합니다! ㅋㅋ 저는 영어를 잘 해서 공감이 안 되네요! 대화 즐거웠거요~ 네 알겠습니다, 오늘 즐거웠습니다! 또 연락주세요 ㅎ.",정상,피싱,100.0%,X
안녕하세요 저는 50대 여자입니다~ 네 안녕하세요 저도 50대 여자에요!! 친구해요~ 말편하게 하셔도 됩니다 ㅎㅎ.. 나이 비슷한거 같은데요? 오 그러자~ 나도 좋네~ 같은 50대니까 ㅎㅎ. 응 ㅎㅎ.. 오랜만에 또래 만나니까 반갑네~ 뭐하고 있었어? 그렇네 나도 반갑다야~ 나는 그냥 쉬고있었지~ 나는 오랜만에 지하철 탔는데~ 엄청 깔끔 하더라고~ ㅎㅎ.. 원래는 지하철 잘 안타나봐! 요즘 지하철 좋지~ 원래는 자차 이용하는데~ 수리 맡겨 가지고.. 그냥 당분간 대중교통 이용하려고 !! 아 그렇구나~ 근데 일을 하고있나봐? 일은 안하는데~ 그냥 여기저기 다닐일이 제법있거든!! 주말인데 뭐하고있어? 정원 좀 정리하고 가꿀까 생각중이야~움직이기 싫네.. 생각 하는건 또 뭐야 ㅎㅎ..그냥 후딱 움직여 버려야지 잠시만! 전화좀 받고 올께~ ㅋㅋ귀찮다는거지..허허 그래 전화 잘 받고 와!,정상,피싱,99.9%,X
미안~ 친구가 전화해서 또 막 교회 나오라고 난리네 난리야.. 원래 교회 안나가는거야? 아니면 다니다가 안가는중이야? 안나가지~ 나는 종교 없거든 ㅎㅎ.. 친구는 종교 있어?? 아 그렇구나ㅋㅋ 나도 종교는 없어! ㅎㅎ무교야 무교. 그래그래.. 없으면 안나가는거지~ 친구 귀찮아 죽겠네 ㅎㅎ.. 그러니까 ㅋㅋ 그냥 친구 전화 받지말아버려~ ㅎㅎ 어릴때 부터 친구라~ 또 막 안받고 그런 사이는 아니거든 !! 아 그런거야? 그럼 뭐 친구가 맨날 그냥 그러는건가부다 ㅋㅋ. 아까 정원 가꿀까 생각 한다더니 좀 했어?? 날도 좋은데 오늘. 나는 정원을 가꾸는게 괴로워.. 그래서 계속 생각중이라고 한거야 ㅋㅋ. 그게 한번 시작하면 멈출수 없더라고.. 일도 끝이 없고!! 그치? 그렇더라고 정말.. 잡초도 뽑아야되고 아휴..생각만해도 괴롭네. 슬슬 남편 올 시간이라~ 저녁이나 해야겠어 ~ ㅎㅎ 너도 밥 맛있게 먹어 !! 그래~ ㅎㅎ 너도 맛있게 먹고 또연락줘 !!,정상,피싱,99.6%,X
안녕~ 잘지냈어? 거의 한주만에 연락 하는거 같으네 !! 그렇네 정말 오랜만에 연락한다~ 난 잘지냈지~ 오늘 차 수리 끝나서 ~ 다시 차타고 다니는데 너무 편하다 !! 편하긴해 정말 차가 ㅋㅋ 대중교통보다는 ㅋㅋ. 그러니까.. 버스 지하철 얼마나 불편했는지 몰라 난 특히 버스~ ㅋㅋ그렇게 불편했어? 근데 버스가 뭐가 그렇게 불편했어? 그냥 사람 많은거 타면 벨을 내가 못누르는데 말을 못하겠는거야..ㅠ. 아 ㅋㅋ 벨에 손이 안닿을때 말하는거구나ㅋㅋ그럼그냥 가까운사람한테 부탁하면되지. 내가좀 다소 소극적이라서.. 막 말걸고 못해.. 그래서 막 몇정거자 더가고 그랬어.. 아이고.. 너도 참 너다.. 진짜 답답이네...왜 그걸 말을 못해 .. 그러니까 ㅋㅋㅋ 답답하지? 나도 내성격 답답한데 못고치겠네.. ㅋㅋ어차피 고칠생각도 없잖아~ 안그래? 그렇지 ㅎㅎ.. 잠시만 !! 나 배달한거 와가지고 밥먹고 연락할께 ~ 알겠어 그럼 밥 맛있게 먹고와서 연락해~,정상,피싱,100.0%,X
잘먹고 왔습니다~ 가끔 짜장면 시켜 먹으면 어찌나 맛있는지!!!즐겨 먹어!! 오래도 먹네~ 자장면 좋아하나부네ㅋㅋ 중식이 맛있긴하지~ 나 좀 오래 먹는편이야~ 한 한시간 먹었나? ㅎㅎ.. 나는 자장면에 식초 넣고 먹는데~ 그렇게 먹어봤어? 아니~ 왜 식초를 넣어먹어?? 금시초문이야.. 맛있어?? 맛있지~ 내가 신음식을 즐겨 먹거든~ㅎㅎ. 그건 좀 따라하기도 힘들어 보이네친구 ~ 진정해~ ㅋㅋ하지마 그럼.. 근데 나중에 그렇게 먹어보고 맛있다고 하기 없기. 응 ㅎㅎ.. 근데 뭐하고 있었어?? 밥은 먹었어? 아니 안아직 안먹었어~ 음악 듣고있어 ㅎㅎ. 음악 좋지~ 무슨음악? 나는 음악 안들은지 꽤됐네 ~ 나는 로큰롤음악을 좋아해서 로큰롤 음악 듣고있어~ 로큰롤음악이라.. 우리 남편이랑 대화 잘되겠네 ㅎㅎ.. 나는 한숨자야곘어..!! ㅋㅋ그래? 남편도 로큰롤 좋아하나부네ㅋㅋ 알겠어 잘자고 연락혀~,정상,피싱,100.0%,X
안녕하세요 저는 40대 여성입니다~ 네 안녕하세요 저는 10대 여성입니다 반가워요^^ 학생이시군요ㅎㅎ 공부하느라 힘들지요? 저는 헤드헌터로 일하고 있어요 네 하지만 저는 과외 받는 게 즐거워요 저의 부모님도 저에게 늘 관심이 많아서 그래도 행복해요 과외 받는 게 즐겁다니.. 부모님이 참 뿌듯하시겠어요^^ 저희 아이는  매일 학원가기 싫다고 하는데.. 핸드폰 게임만 해서 너무 속상해요 제가 게임에 관심이 없으니 대체 그걸 왜 하고 있는지 이해가 안되네요.. 스트레스를 푸는 방법이지 않을까요 저도 음악을 들으면서 쉬는 것을 좋아해요 디스코 음악을 자주 듣는데 공부 안 하고 음악을 들으면 가끔 너무 만족스러워요 휴..그렇군요 이해해야지 하지만 그게 참 쉽지가 않아요.. 저는 스트레스 받을 때 가끔 저만의 힐링  여행을 가는데 요즘 딱 떠나고 싶은 심정이네요 너무 춥지도 않고 여행 가기에 딱 좋은 것 같아요 책은 여행의 축소판이라고 하던데 책은 안 읽으시나요? 저는 자기계발서 읽는 것을 좋아해요 저도 책 좋아해요 최근엔 시간이 없어서 거의 못 읽긴 했지만요ㅠㅠ 두달 전에 불편한 편의점이라는 책을 봤는데 너무 재밌게 봤어요 제목만 들었는데 벌써 재미있을 것 같아요 책을 좋아하시는군요 그래도 어른들은 많이 안 읽잖아요 읽고 싶지만 시간이 없는 것도 있죠 핑계일 수도 있지만요 ㅎㅎ 기회가 된다면 읽어보세요 위트 넘치고 힐링되는 책이었어요  그런가요? 책 추천 감사해요 어렸을 때는 책을 더 많이 읽었는데 지금은 저도 그렇게는 많이 안 읽는 것 같아요 웹툰은 잘 보는데 말이에요 웹툰도 재밌죠 ㅎㅎ 뭐든 집중하고 재미를 느낀다면 좋은거지요~ 맞아요 그래도 역시 웹툰이 읽기 쉬워서인가 봐요 다음에 뵈어요 네 밤이 늦었네요 ^^;; 다음에 또 대화 나눠요~,정상,피싱,100.0%,X
4주만에 연락드려요~ 잘 지내셨나요 저는 과외도 받고 디스코 음악도 자주 들으면서 지냈어요ㅎㅎ 잘 지내셨나요? 뭐하고 시간 보내셨나요? 최근에 운동에 빠졌어요 ㅎㅎ 퇴근하고 운동하고 집에 오면 잠자기 바빠서 연락도 잘 못드렸어요 요즘 운동이 유행이긴 하죠 무슨 운동을 하셨나요? 필라테스 하고 있어요 힘들긴 한데 체형 교정도 되고 어깨 아픈 게 많이 좋아져서 계속 하려구요 필라테스도 엄청 힘들다고 들었어요 매일 갈비뼈를 열어서 숨을 쉬어라 한다고 하는 건 봤는데 저는 매일 만 보씩 걷고 있어요 근력운동이라 힘들긴해요 갈비뼈ㅋㅋ호흡법이 중요하긴하죠ㅋㅋ 만보 걷기 대단한데요! 그러니까 말이에요 필라테스 열심히 한 분들 보면 완전 탄탄하더라고요 네 엄마랑 매일 걷고 있어요 어플로 만보 채우면 식물 주는 것도 하고 있어요 엄마랑 걸으면서 얘기도 하고 참 좋겠어요 저도 저희 아이랑 걷기운동 해봐야겠어요 네 걸으면서 그냥 시시콜콜 이야기하는데 재미있어요 이런 시간이 가끔은 너무 만족스러워요 그리고 가끔은 걷다가 싸우기도 해서 서로 먼저 가기도 해요 엄마와 딸은 대부분 그렇죠 뭐 ㅎㅎ 그래도 다정해보이고 좋네요 맞아요 엄마가 맨날 온몸이 다 아프다고 했는데 그래도 운동 다니면서 체력이 좀 늘었는지 뛰기도 해서 기뻐요 엄마를 생각하는 예쁜 마음이 느껴져요^^@이름1@님 어머니는 참 좋으시겠어요 감사합니다 저희 엄마도 그렇게 생각하시면 좋겠어요 다음에 뵈어요 네 밤이 늦었네요~ 다음에 또 대화해요^^,정상,피싱,97.1%,X
대화한지 45시간이 지났네요 나이차가 많이 나는데도 @이름1@님과의 대화는 편하고 즐거워요^^ 어제는 어떻게 지냈나요? 거의 이틀만이네요 저도 대화하는 거 즐거워요 친구랑 나가서 돌아다니고 산책도 하고 왔어요 산책 했군요~ 저도 아까 아이랑 동네 하천따라 걷기운동 하고왔어요 네 친구랑 자주 자전거를 타는데 친구가 날이 너무 춥다고 그냥 걷기만 하자고 해서요 즐거운 시간 보내셨겠네요 춥지는 않으셨나요? 오늘 날씨가 포근하더라구요 걷다보니 살짝 땀도 나고 딱 좋았어요 아이랑 대화도 많이 해서 참 좋았네요 맞아요 산책을 같이 하면 그 시간 동안 상대방에 대해서 더 잘 알 수 있어서 좋은 것 같아요 운동을 해서 피부 사이에 있는 활성 산소를 줄이면 노화가 천천히 온대요 과한 운동은 오히려 노화가 빨리 온다고 하더라구요~ 뭐든지 적당한게 좋은 법이죠~ 필라테스로 근력운동하고 가끔씩 이렇게 아이와 산책하며 걷기 운동하면 건강해지겠죠?ㅎㅎ 그래서 텔레비전에서 몸 만든다고 열심히 한 사람들 보면 훅 늙는 건가 봐요 그렇게만 하면 엄청 건강하실 것 같은데요? 저는 자전거를 무리하게 타서 방광염이 왔어요 운동 선수들도 오히려 건강이 안 좋은 경우가 많다고 하더라구요.. 자전거를 얼마나 무리하셨길래 방광염이 왔나요ㅠㅠ 많이 피곤하셨나보네요 몸이 많이 쓸 수록 닳아서 그런가 봐요 몸이 개복치라서 조금 무리하면 안 좋아지고 뭐든 게 적당해야 되나 봐요 여름에 매일 나가서 몇 시간씩 탔더니 살도 다 타버리고 방광염이 와서 자전거 금지 당했어요 하하 뭐든 적당한 게 제일 좋은저교ㅠㅠ 방광염은 피곤할 때 많이 걸린다고 하던데.. 어서 회복하시길 바래요 네 그래도 많이 좋아졌어요 계속 앉아서 타서 자극이 많이 돼서 그런 것 같다고 하더라고요 약도 꾸준하게 먹어서 지금은 괜찮아졌어요 걱정 감사해요 어릴 때에는 태권도 다녔었는데 그 이후로 발을 자주 접질렀었는데 최근에 가보니까 뼈가 떨어져서 조각이 떨어져 있다고 하더라고요 아팠을 거라는데 그것도 몰랐어요 하하 어머나 그런 경우도 있네요.. 안 아프셨다니 신기해요 그러니까 말이에요 제가 아픈 거를 잘 참기는 하는데 그정도로 참는 사람인 줄은 몰랐어요 다음에 또 이야기해요 네 저도 이제 일 해야겠어요~ 다음에 또 대화해요^^,정상,피싱,80.1%,X
22시간이 지났네요 방광염은 차도가 좀 있으신가요? 바쁘셨나 보네요 네 물을 떠오를 때마다 마셔서 괜찮아졌어요 처음에 걸렸을 때는 화장실이 방금 갔는데도 가고 싶어서 정말 곤란했어요 아 운동을 많이 하는 사람은 소변도 잘 참을 수 있대요 그것도 근육 능력인가 봐요 방광염에는 물을 많이 마셔야 하나보군요! 운동 많이 하면 소변을 잘 참나요? 일리있는 것 같기도 하네요 ㅋㅋ 네 물을 너무 안 마셔도 생긴다고 하더라고요 제가 어렸을 때부터 밖에서 화장실을 안 다녀서 더 그런 거였을 수도 있어요 네 대박이죠 어렸을 때부터 태권도 했던 게 도움이 됐을 수 있어요 하하 운동을 여러가지 많이 하시니 여러모로 좋은 점이 많네요 ㅋㅋ 저는 40대 접어들면서 운동을 시작했어요 젊었을 때 미리 운동을 했으면 체력이 더 좋았을까 하는 아쉬움이 커요 오히려 저는 나이가 들어서도 운동을 시작하고 열심히 하는 모습이 멋지다고 생각해요 그리고 딱 몸 신경을 쓰기 좋은 시기라고 생각해요 체력이 더 좋아지실 거예요 아 체력 올리기에는 유산소가 좋다고 하더라고요 유산소와 근력운동을 병행하는 게 가장 좋다고 하더라구요~ 필라테스로 근력 운동 하고는 있는데 체력이 점점 딸리네요 그래도 근육이 잘 잡혀 있을 것 같아요 너무 멋있네요 저희 아빠는 등에 살이 있으면 안 된다고 막 지적하더라고요 아빠는 운동도 안 하면서 말이에요 가끔 축구는 하지만요 저희 남편도 조기 축구 나가요 남자들은 축구가 그렇게 재밌나봐요 그런가 봐요 나가서 골이라도 넣는 날에는 집에 와서 자랑도 엄청 해요 저도 그렇게 오래 뛰고 싶기는 한데 조금 달리면 금방 지쳐서 헉헉거려요 @이름1@님 아버님과 우리 남편이 도플갱어인가 싶네요 ㅋㅋ 어쩜 그리 똑같죠? 저는 조기 축구 대회에 온 가족이 가서 구경한 적도 있어요.. 남편이 하도 같이 가자고 졸라서요  너무 웃겨요 축구하는 남자들은 다 똑같나 봐요 나이가 먹어도 골 넣은 거 자랑하고 싶나 봐요 너무 웃겨요 저도 어렸을 때는 그랬었는데 그때 구경하고 응원했던 기억이 좋은 기억으로 남았어요 아이들은 재밌어 하더라구요 저희 아들도 축구 좋아해서 어릴 때 아빠가 자주 데리고 다녔어요 ㅎㅎ @이름1@님처럼 우리 아들에게도 좋은 기억이겠죠?^^ 당연하죠 너무 재미있고 행복한 기억이에요 아빠랑 좋아하는 운동을 같이 보고 즐기는 건 또 다른 기분이거든요 또 다음에 이야기해요,정상,정상,89.4%,O
안녕하세요? 저는 30대 여자입니다. 반가워요. 안녕하세요~ 저는 20대 여자에요! 반가워요~ 20대면 아직 대학생인가? 직장인인가요? ㅎㅎ 방송과 대학생이에요.. 그래서 방송 크리에이터 동아리에 참여하고 있어요! 우와 요즘 크리에이터들 @홈페이지@로도 영상 촬영 많이 하잖아요~ 그런 활동도 해요? 네 ㅎㅎ 형제가 없어서 외로웠는데 여기 동아리에서 친구 많이 사겼어요! 저도 @홈페이지@ 활동 해보고 싶네요 ㅎㅎ ㅎㅎ동아리 활동이 그래서 좋죠! 저도 간호학과 나왔는데 지금은 동아리에 사귄 과 친구들이랑 더 잘 알고 지내요 ㅋㅋ 그쵸~ 오 간호학과 너무 대단하세요~!! 공부 많이 어려울거 같아요. 지금은 졸업한 지가 오래라 다 까먹었... 아 비밀이에요 ㅎ 지금은 뭐하고 계셨어요? 저는 피아노 연주를 하고 있었어요. 이게 취미라서 자주 피아노 연주를 해요 ㅎㅎ 와~ 엄청 교양 있으신데요? 저는 악기 연주를 할 줄 몰라요 ㅎㅎ 제가 방해한 거 아닌가 모르겠어요. 아니에요~ 선생님과 얘기하니 즐거운걸요! 선생님은 다른 취미가 있으신가봐요 ㅎㅎ 저는 독서를 좋아합니다^^ 하지만 좀 가려요 ㅋㅋ 소설은 좋아하고 시는 싫어해요. 그러시구나~ 저는 이만 가봐야 할거 같아요! 다음에 또만나요~ 네~ 피아노 연주 즐겁게 하시길 바랄게요~ 그럼 다음에 또 봐요 ^^,정상,피싱,100.0%,X
안녕하세요~ 1일만이네요~ 피아노 자주 연주하신다고 하셨는데 오늘도 연주했나요? 네~ 시간이 빨리 흐르네요ㅎㅎ 오늘도 연주했습니다~ 선생님도 잘지내셨죠?  ㅎㅎ그럼요. 혹시 식사는 하셨어요? 밥때 연락을 해버렸네 저 오늘 치킨 먹었어요! ㅎ 요즘 진로 때문에 고민이 많아요. 선생님은 간호학과라서 취업이 잘되셨겠어요! 네~ 저는 바로 간호사로 취직한 케이스에요. 님도 방송쪽이면 일자리는 많지 않아요? 경력자를 많이 구하더라구요. 이럴줄 알았으면 취업잘되는 과로 갈껄 그랬어요 ㅠㅠ 에구 ㅠㅠ 아니면 지금부터 공무원 준비도 나쁘지 않죠? 요즘 학생들 많이 하잖아요. 공무원도 괜찮은거 같아요! 요즘 취업이 어려우니 많이 준비하더라구요~! 근데 방송 일을 좋아해서 진로를 그쪽으로 잡은 거 아니에요? 포기하기가 아까울 것도 같아요. 네 .. 아까워서 일단은 계속 노력해보고 있어요! 안되면 다른일 하던지 하려구요 ㅎㅎ ㅎㅎ좋은 생각이에요. 아직 학생이고 20대니까 시간 많아요 천천히 생각해봐요! 네~ 선생님 고마워요! 스트레스 받는데 피아노 연주나 해야겠어요.. ㅋㅋㅋ그럼 피아노 연주하시게 비켜드릴게요 ㅋㅋ 다음에 연락 줄게요. 네~ㅎㅎ 다음에 또만나서 얘기 나눠요~! 네 즐거웠어요~ 그럼 다음에 또 볼게요~,정상,피싱,100.0%,X
안녕하세요~ 3주만이네요. 잘 지냈어요? 네~ 엄청 시간이 많이 흘렀네요! 선생님도 잘지내셨죠? 전 얼마전에 병원에서 큰일이 있었답니다... ㅠㅠㅋㅋㅋ  헉ㅠㅠ 선생님 무슨일이 있으셨나요? ㅠㅠ 같이 일하시는 분이 코로나에 걸리셔서 발칵 뒤집어졌었어요~ 다같이 검사 받고 난리도 아니었네요. 아 정말 큰일 이네요 ㅠㅠ 선생님은 괜찮으세요?! 넵 저는 괜찮지만... ㅠㅠ사람이 빈 만큼 일이 늘어서 요즘 자주 괴롭네요... 에구 님은 별일 없어요? 네 저는 그냥 방송동아리에서 놀고있네요... 사람이 비어서 업무량이 많이 늘어나면 힘드시겠어요 ㅠㅠ ㅎ... 아 저번에 진로 고민하던 건 혹시 해결이 좀 됐나요? 아직 고민중? 여기 동아리애들도 방송쪽으로 취업하고 싶어하더라구요.. 안되면 같이 모여서 유튜브 방송이라도 만드려구요! 이야~ 만들면 꼭 알려주세요. 제가 제일 처음으로 구독할게요 ㅎㅎ 오~~~!! 너무 고마워요~ 채널 개설하면 제일 먼저 알려드릴게요! ㅎㅎ 그래요. 아... 저는 또 일이 생겨서 가봐야할 거 같아요. 네~ 저도 이만 가봐야할 것 같네요! 다음에 만나요~! 네~ 다음에 볼게요. 수고하세요 ^^ 좋은 하루.,정상,피싱,100.0%,X
안녕하세요~ 이틀만인가? 그동안은 잘지냈어요? 네 ㅎㅎ 저는 살이 많이쪄서 다이어트 하면서 보내고 있는데 힘드네요 ㅠㅠ 아이구 저런... 다이어트에는 필라테스가 직빵인데! 어때요? ㅎ 필라테스요?! 한번도 안해봤는데 너무 어렵진 않나요? 처음에는 좀 힘들지만 익숙해지면 하는 재미가 있어요~ 혹시 무슨 운동 중이에요? 아님 그냥 식단조절? 오 한번 필라테스 찾아봐야겠어요! 저는 헬스하는데 식단도 많이 중요한거 같아요 ㅠ 단 거 좋아하면 참는 게 많이 힘들죠 ㅋㅋ 저도 그래서 고생 한번 해봤어요 ㅋㅋ 그쵸~ 오늘도 카페가서 단음료 먹었네요 ㅋㅋㅋ ㅋㅋㅋ저기요 ~ 다이어트 하실 때는 음료가 제일 치명적인 거 아시죠?! ㅋㅋㅋ 앗 ㅠㅠ 그렇구나... 또 살찌겠어요 ㅠ 헬스하면 머하나요 ㅋㅋㅋㅋ ㅋㅋㅋ 액상과당이 제일 위험한 거니까 꼭! 줄이도록 하세용 ㅎ 단거 많이 줄여야겠어요.. 추천해주신 필라테스도 한번 해보구요! ㅋㅋㅋ 네~ 좋아요 ^^ 저는 식사가 아직이라 밥 좀 먹고 연락 다시 줄게요. 네~ 나중에 밥먹고 또 연락주세요~ 나중에봐요! 넵~ 그럼 나중에 다시 뵙도록 할게요~,정상,피싱,99.7%,X
안녕하세요. 저는 20대 여자입니다. 안녕하세요~저는 20대 여자입니다. 저는 콜센터 상담원이에요. 너무 일 하기 싫어요. 고생이 많으시네요~ 콜센터 상담이 적성에 맞는 사람도 있다고 들었어요. 정말요? 저는 이해가 안되네요. 직업이 어떻게 되세요? 저는 영화학과에 다니고 있는 학생입니다. 그렇군요. 영화를 잘아시겠네요! 부러워요! 아니에요. 그냥 영화를 더 잘 알고 싶어서 영화부 동아리에 참여하고 있어요. 그렇군요. 그럼 영화 안본게 없으시겠네요? 안본게 정말 많죠. 영화가 끝도 없이 쏟아져 나와서요. 그렇군요. 혹시 어떤 영화 장르를 제일 좋아하세요? 저는 스포츠 영화만 아니면 다 좋아해요~ 저는 이제 영화 동아리에 가볼게요. 스포츠 영화는 저도 싫어요. 그럼 저는 이제 다시 일 하고 올게요! 네! 그럼 다음에 또 연락하기로 해요~,정상,피싱,99.9%,X
3 일만에 연락드리네요. 영화 보고계세요? 아니요! 저는 지금 모바일 게임을 하고 있어요. 모바일 게임을 좋아하시나봐요? 재밌나요? 네. 저는 모든 모바일 게임을 섭렵했어요. 대단하신데요? 평소에 시간이 나면 게임을 주로 하시나봐요? 맞아요. 저랑 대결하실래요? 저는 진짜 자신이 있어요. 저는 모바일 게임은 잘 못해요. 봐주세요. 저는 그냥 재미로 한 말이에요. 봐달라니 그런 말씀 하지 마세요. 어떤 모바일 게임을 주로 하시나요? 저는 모바일 rpg게임을 제일 좋아해요~ 멋지군요. 모바일 게임도 한번 하면 오래 하지않아요? 맞아요. 너무 오래해서 가족들과 자주 싸워서 요즘은 데면데면해요. 그렇군요. 그럼 시간을 좀 줄이시는건 어떠신가요? 그러도록 할게요. 일단 저는 게임을 더 하고 올게요!,정상,피싱,99.8%,X
바빠서 그만 이제 연락드리네요. 모바일 게임 중이세요? 아니요. 지금은 영화부 동아리에 가고 있어요. 그렇군요. 영화부 동아리는 주로 뭐 하나요? 가면 영화장비나 영화에 대한 공부를 하거나 영화를 보거나 해요. 그렇군요. 나중에 영화 감독이 되고싶으신건가요? 그러면 제일 좋죠. 저희 동아리 사람들은 다 영화감독이 꿈이에요. 아하 ~ 그럼 나중에 독립 영화 같은것도 만드시겠네요? 맞아요. 지금 안그래도 시나리오를 하나 쓰고 있어요. 대단하시네요! 나중에 감독이 되시면 저 아는척 해주세요. 당연하죠. 혹시 영화에 관심이 많으신가요? 저는 영화에 관심이 많답니다. 쉬는날에는 가족3명이 거실에 앉아 영화를 봐요. 그렇군요! 혹시 저희 쪽에서 일자리가 생기면 알려드려도 괜찮을까요? 네. 좋죠! 저는 이 일을 하기 싫거든요. 그럼 아쉽지만 일 하고 올게요. 네! 힘내세요! 저도 이제 동아리에 도착했어요.,정상,피싱,100.0%,X
저 퇴근했어요. 동아리 활동을 하고 계세요? 지금은 집에 가고 있어요. 집에 가면 스포츠 tv가 틀어져 있을텐데 끔찍해요. 헉 스포츠 TV를 싫어하시는군요! 저는TV뉴스를 싫어해요. 그러시군요. 저는 뉴스는 재미가 있더라고요. 그렇군요. 저는 뉴스에는 사건 사고만 나와서 싫어요! 그런가요? 듣고 보니 그렇기는 하네요. 저는 안그래도 가족들이랑 데면데면 한데 아빠가 꼭 스포츠 tv를 틀어놔요. 싫어하는 프로그램이 틀어져있으면 짜증나더라구요. 그러니까요. 오늘은 바로 집으로 가시는 건가요? 네. 오늘은 바로집으로 갈거에요. 오늘은 좀 쉬고싶네요. 집에 가셔서 푹 쉬세요. 집에 가면 뭐하고 쉬실건가요? 씻고 누워서 휴대폰 하다가 잘거랍니다. 역시 사람들은 다 그렇게 쉬는군요. 저도 곧 그럴것 같아요. 네. 그럼 저는 이제 집에 도착했어요. 다음에 연락할게요! 네! 그럼 다음에 연락 주세요. 즐거운 대화였어요!,정상,피싱,100.0%,X
"안녕하세요~ 저는 50대 여자입니다. 대화같이해요~ 반갑습니다. 저도 50대 남성입니다. 연령대가 같네요.ㅎㅎ 님은요즘 관심사가 뭐죠? 전 다른사람들 어떻게 사는지 궁금해요. 저는 요즘 전자기기 수집하는게 취미입니다. 님은요? 저는 홈인테리어에 관심이 많아요. 힐링 여행같은건 관심 없구요. 아 그러세요? 센스가 좋으실거 같네요. 저는 생일이 12월달인데, 크리스마스 겸 해서 꾸밀 인테리어가 있을까요? 그러진 않아요. 집을 예쁘게 꾸민 사람들을 보면 매일 열등감을 느끼네요. 크리스마스는 역시 트리죠! 안그래도 트리는 미리 꾸며놨습니다. 인테리어에 진심이시군요. 저는 새벽에 일어나서 책도 자주 봅니다. 오 어떻게 꾸미셨나요? 전 보라색을 좋아해서 보라색 전구를 달았어요. 보라색 전구도 있나요? 저는 그냥 @브랜드명@에서 파는걸 고대로 사서 해놨습니다. 엄청 다양하게 있더라구요. ㅎㅎ 제가 혈액형이 ab형이라서 그런가, 특이한걸 좋아해요. 하하. 저도 AB형입니다! 공통점이 있네요. 아 정말요? 같은 혈액형이라는게 믿어지지 않네요. ㅎㅎ 오늘은 이만 대화해야겠어요. 다음에 또 대화해요~ 네. 오늘 즐거운 시간이였습니다.",정상,피싱,100.0%,X
"안녕하세요~ 마지막 대화한지 일주일좀 안되었네요. ㅎㅎ. 오랜만입니다. 에이 거진 일주일이라고 하는게 맞을거 같은데요... 그거나 그거나죠. ㅎㅎ 오늘 월급날이라 저녁은 소고기먹으려구요~ 오~ 월급날은 항상 외식이죠! 소고기로 먹으면 첫날부터 타격이 크신거 아닌가요. 급여가 얼마 안되긴 하지만, 그래도 먹고살려고 돈버는건데요 뭐. ㅎㅎ. ㅎㅎ 그럼 고기 먹고 꼭 냉면 드세요. 저는 아직 월급날이 많이 남아서.... 슬프네요. 냉면을 좋아하시나보네요. ㅎㅎ 월급날이 언제인데요? 저는 @날짜@ 입니다. ㅠㅠ 아직 멀었지요? 아이고 한참 남았네요. ㅎㅎ 월급 받으면 뭐하실거에요? 일단, 님처럼 소고기를 먹고싶네요. 소고기 먹고, 신발도 사고싶네요. ㅎㅎ 전자기기는 안사시나요? 수집하는 취미가 있다고 하셨잖아요. 그건 할부로 충분히 살수 있으니깐요. 일단 당장 사고 싶은거 부터 해결해야죠! 아이고.. 할부의 늪에 빠지셨군요. 전 잠시 일좀 하고 오겠습니다. 네. 다녀오세요. 저도 일좀 해야겠어요.",정상,피싱,100.0%,X
"3시간 지났네요~ 퇴근시간입니다! 퇴근하셔야죠! ㅎㅎ. 하하. 네 저는 이미 짐은 다 싸놨습니다! 시간을 기다리고 있지요. ㅎㅎ 퇴근준비가 철두철미하시군요. ㅋㅋ 저는 자주가는 정육점에 소고기도 예약해뒀지요~ 와... 대박 ㅠㅠㅠ 님이 더 철두철미 하신거 같은데요. 저는 먹는거에 진심이거든요~ ㅎㅎ 님은 오늘 퇴근하면 뭐하실거에요? 저는 라면이나 끓여먹어야겠어요. 오늘 애들이랑 와이프가 친정갔거든요. 하하. 월급날이 아니어도 괜찮네요. 천국이시겠어요. 맞아요. 그런데 집에 가면 제가 해야할 일을 적어두고 갔을거 같네요. 그정도는 해야지요. ㅎㅎ 설마 집안일을 아예 안하시는건 아니죠? 그건 아닌데.. 와이프가 이날만 기다린듯이 아주 손을 떼놓고 가거든요. 아이가 없는것만 해도 천국 아닌가요. ㅎㅎ. 전 차라리 아이가 있는게 낫습니다. 같이 놀기라도 하지요. 하하. 그럼 다음엔 님이 아이를 데리고 부모님댁으로 가세요. 전 집에 다와가서요, 다음에 또 대화드릴게요~ 네. 오늘 대화 즐거웠습니다~",정상,피싱,100.0%,X
"오랜만의 대화네요~ 2주만인데,, 월급은 받으셨나요?ㅋㅋ. 그럼요! 와 귀신같으시네요. 오늘이 월급날입니다. 축하드립니다. ㅋㅋ 사고싶은거 사시겠어요! ㅎㅎ 안그래도 오늘 외식하고 백화점 가자고 이야기 해뒀습니다. 와 ㅎㅎ 백화점이라니~ 급여가 좀 되시나보네요. ㅋㅋ. 집 가까운곳에 신발 살곳이 백화점 말고는 없거든요. 그래서 갑니다. ㅎㅎ. ㅎㅎ 월급 다 털리시겠습니다. 마음의 준비를 단단히 하셔야겠네요. 그러니까요. 분명 애들도 자기꺼 사달라고 하겠죠... 이번달에 갖고 싶은 전자기기 하나 봐뒀는데... 멀어져가네요. 하하. 이번엔 어떤게 사고싶으셨는데요? 저 @브랜드명@패드요. 혹시 쓰시고 계신가요? 아 저도 그거 있어요! 동영상 채널 볼때 아주 유용하지요. 정말요? 저는 주로 국내 제품만 썼는데 갑자기 눈에 들어오더라구요. 수집 좋아하시니까 하나쯤 있어도 나쁠거 없는데, @이름1@때문에 좀 힘들겠네요. ㅎㅎ 그럼 쇼핑 즐겁게 하세요! 네.. 다음달로 미뤄봐야겠어요. ㅠㅠ 오늘도 대화 즐거웠습니다.",정상,피싱,100.0%,X
잘 부탁드립니다. 저는 60대 여자이에요. 반갑습니다~ 저는 60대 여자인데. 잘 부탁해요. 서로 잘지내봐요. 그러면 자기 소개 좀 할까요? 그래요.ㅎ 저는 배우를 하고 있는데 그쪽은 무슨일을 하시나요? 멋지시네요. 저는 집에서 재즈 음악이나 가끔 듣고 쉬는데. 그럼 여행같은건 잘 안하시나요? 전 가끔 하는데.ㅎㅎ. 저는 국내는 잘 안다니고 가끔 해외 나가요~ 저도 해외에 가끔 가는데.ㅎㅎ 그런게 SNS에 올리기 좋죠? 그런다네요? 그러면 SNS도 하시고 그러시나보다. 맞아요. 오후에 자기전에 SNS를 정리해서 올려요. 그렇게 여러가지 하시면 너무 피곤하지않나요? 제가 아무데서나 잘 자서 피로회복을 잘 해가지고 괜찮아요.ㅎㅎ. 그러겠네요. 참 저는 오늘은 약속이 있어서요. 그래요. 그럼 약속 잘 다녀오세요. 안녕히.,정상,피싱,100.0%,X
어제는 가족 약속이 있어서 오늘 다시 연락드렸어요. 가족들이랑 사이가 좋은가봐요.ㅎㅎ 부럽네요. 네~ 제가 좀 서글서글하고 잘 지내는편이라서요. 저는 O형이라 그런지 밖에 하도 싸돌아다녀서 가족에는 좀 소홀해요. 그러시구나. 그러면 가족들이 좀 서운해하겠다. 그래도 어쩌겠어요. 천성이 그런것을요. 저는 저번 6월때는 가족들 다 모여서 참 좋았었는데 말이에요. 그러셨군요. 단란한 모습이 보기 좋네요. 그러면 배우일이 바쁘긴 할텐데. 다른건 뭐하시나요? 저는 최근에는 짬 나는 시간에 오보에를 좀 배우고 싶더라구요. 여러가지 하느라 고생하시는데 욕심도 있으시네요 ㅎㅎ. 하고싶은게 많아도 참 탈이에요.ㅎㅎ. 그러면 저는 이만 가볼게요. 또 연락하고 그래요. 그래요. 그럼 다음에 또 봐요. 나중에 또 봅시다.,정상,피싱,100.0%,X
"거의 한주도 절반 넘게 지난거있죠? 잘 지냈나요? 그러네요. 저는 드라마 촬영이 있어서 정말 바빴어요. 아이구. 드라마도 나오시고 TV 나오시는분이구나. 아무래도 배우가 TV에 나오니까 배우죠.ㅎㅎ. 그런 텔런트분이면 참 미모도 곱겠어요~ 그런편인거 같네요.ㅎㅎ 그래도 다 늙어서 무슨 미모에요. 그래도요~ 저는 그래도 아직은 좀 고와보이고싶더라구요. 저야 일 때문에 하는거지만 전 관리가 힘들어서 관두고 싶어요. 아이구. 그런건 좀 고생이겠다. 관리가 아주 힘든가봐요. 그쵸. 장난 아니에요.ㅎㅎ 배우가 연기를 좀 해야할텐데. 그래도 드라마도 나오시고 그러면 되었죠~ 그런가요? 하긴 일이라고 생각하고 열심히 해야죠. 참 저는 오늘은 밥 좀 먹어야겠네요. 고생하시구요. 네, 그럼 다음에 또 봐요. 식사 맛있게 하세요.",정상,피싱,100.0%,X
어제 연락 드리고 또 얘기 드리네요. 반가워요~ 반가워요~ 어제 식사는 잘 하고 주무셨나요. 네. 어제는 식사 하고 같이 도란도란 얘기 하고 잤네요. 저는 다이어트 때문에 아직도 식단 관리를 하는데.ㅎ 부러워라. 다이어트도 하시는구나. 저는 나이 먹으니 식욕이 없네요. 이 나이 먹고 다이어트 하니까 전 영양실조 걸리겠어요. 요즘은 당도 좀 있는게 살은 찌더라고요. 저런 그건 걱정이네요. 검진은 좀 받으시나요? 그럼요. 매일 직접 채혈도 하고 그러네요. 그래도 건강 체크는 꾸준히 하시니 참 다행이네요. 이나이는 약도 먹고 평생 관리 하면서 사는거죠~ 그쵸.ㅎ 이 나이까지 약 한알 안먹고 건강하기는 힘드니까요. 그쪽도 잠 잘 주무시고 건강은 좀 유의하시구요. 그래요. 그럼 다음에 또 봐요. 피부 생각해서라도 이만 자야겠네요. 오늘은 이만 가볼게요. 다음에는 낮에 연락해요. 네~ 또 연락 주시고 안녕히 주무셔요~,정상,피싱,100.0%,X
안녕하세요 저는 20대 여성입니다. 반갑습니다 ㅎㅎ 안녕하세요! 저도 20대 여성입니다~ 오늘 주말인데 뭐하고 계세요? 저는 아버지 농사일 도우러 시골 왔어요~~ 저는 헬스 가끔 하는데 오늘 헬스 하려구요! 직업이 어떻게 되세용? 저는 그냥 회사원이에요! 운동 좋아하시나 봐요~ 그쪽은 직업이 어떻게 되세요? 저는 육상선수에요ㅎㅎ 제 인생에서 가장 기쁘던 때는 달리기를 1등으로 들어왔을 때에요!! 아 어쩐지 주말에도 운동하시는 게 신기했는데 육상선수시구나 ㅎㅎ 주말에 보통 운동 말고는 뭐하세요? 전 주말에 남자친구랑 데이트해요!! 제가 혈액형이 A형인데 남친도 A형이라 뭔가 잘 맞는 것 같기도 해요ㅎㅎ 오 저희 초등학생 때 혈액형으로 성격 나누는 거 엄청 유행했었죠...! 저는 AB형이에요 ㅋㅋㅋ 맞아요ㅎㅎ 전 아직도 혈액형을 믿는 것 같아요ㅎㅎ  저는 MBTI 정도만 믿어요 ㅎㅎㅎ 밥은 드셨어요? 저는 시골 올 때마다 밥 먹고 가는데 싱거운 음식 위주라 좀 그렇긴 해요ㅜ 싱거운 음식을 싫어하거든요~ 저도 싱거운 음식 싫어해요ㅠㅠ 전 곧 식사할 것 같아요!제육볶음 먹으려구용 제육볶음 맛있겠다..! 한식 좋아하세요? 저는 한식 제일 좋아하긴 해요 ㅎㅎ 네 저 한식 완전 좋아해요! 완전 배고프네요! 저 우선 식사 좀 하고 올게요! 다시 대화해용 넵 맛있는 식사 하세요 ㅎㅎ저도 밥먹고 올게요~,정상,피싱,100.0%,X
어제 밥은 맛있게 드셨어요? 밥먹고 연락드린다는 게 깜빡했네요!ㅎㅎ 네ㅎㅎ 시골 가셔서 식사는 맛있게 하셨나용? 네네 저희 어머니 음식 솜씨가 좋아서 맛있게 먹었어요~ 제가 싱거운 걸 싫어하니까 맞춰서 해주셨거든요 ㅎㅎ 어제 저녁때는 뭐하셨어요? 오 어머니 최고시네요ㅎㅎ! 전 어제 헬스 하고 어머니랑 티비봤어요ㅎㅎ 오 TV 프로그램은 뭐 좋아하세요? 저는 예능 프로그램 가끔 보거든요~~ 오늘 밤에도 재밌는 거 하더라고요. 내일이 벌써 월요일이네요ㅠㅠ 저도 예능 프로그램 좋아해요! 내일 출근하시겠네요?ㅠㅠ 네 맞아요... 회사의 노예.... 그쪽은 보통 평일에 훈련하세요?? 네 저도 내일 훈련이 있어요!! 전 그래도 달리기를 워낙 좋아해서 즐겁게 하고 있어요! 그쵸~ 운동선수는 보통 좋아해서는 못할 것 같아요! 혹시 그럼 올림픽도 출전하신 적 있으세요? 아뇨 올림픽은 출전 못해봤네용ㅠㅠ 그게 참 아쉬워요..ㅠㅠㅠ 그쪽은 회사 일은 어떠세용?ㅎㅎ 아하~~ 하긴 국가대표가 되는 것 자체가 엄청 힘들 것 같아요ㅠㅠ 회사는 다행히 같이 일하는 동료들이 좋아서 잘 다니고 있어요!! 오 다행이네요^^ 같이 일하는 동료들이 좋아야 일 할 맛이 나는 것 같아요..!! 맞아요~ 운동쪽도 텃세가 많다고 들었는데 어떠세요?! 힘들진 않으세요?ㅎㅎ 텃세가 있긴 한데 그래도 제가 성격이 워낙 낙천적이라 잘 적응하는 것 같아요!! 다행이죠? 낙천적이셔서 다행이에요 ㅎㅎ 내일 훈련이시면 일찍 주무셔야겠죠?!ㅠㅠㅎㅎㅎ 네ㅎㅎ 안그래도 이제 자러 가보려구용ㅎㅎ 저희 나중에 다시 대화해요~! 네~~ 안녕히 주무세요 ㅎㅎ 내일 훈련 화이팅 !,정상,피싱,92.6%,X
"좋은 아침이에요! 주말에 연락했었는데 벌써 이틀이 지나서 화요일이네요~ 네ㅎㅎ 좋은 아침입니다! 회사는 출근 잘 하시고 계신가요?! 네네 ㅎㅎ 저는 뭐 항상 비슷해요~ 바쁘게 출퇴근하고 저녁 때 집 와서 쉬고... 쉴 때는 주로 뭐하세요? 저는 쉴 때 어머니랑 쇼핑 종종 가요ㅎㅎ 둘다 쇼핑을 완전 좋아하거든요! 주말에도 어머니랑 TV 보셨다고 했었는데 되게 사이가 돈독해보여서 좋네요!ㅎㅎㅎ  네ㅎㅎ 사이가 무척 좋아요! 제가 외동딸이라서 더 그런 것 같아요!! 아~ 외동이시구나 ㅎㅎ 저는 여동생 하나 있어요! 저희도 엄마랑 셋이서 여자들끼리 더 친해요. 아빠보다 ㅋㅋㅋ 부럽네요! 전 여동생 있는 친구들 진짜 부럽더라구요ㅠㅠ 동생이랑 친하신가요?! 네!! 저는 주로 쇼핑할 때 동생이랑 같이 하러 가요~ 옷 사이즈도 비슷해서 같이 입기도 하거든요 ㅎㅎ!!!  완전 부럽네요!! 보기좋아요ㅎㅎ 전 형제가 없어서 그만큼 어머니랑 사이가 진짜 돈독하거든용 가족끼리 화목한 게 제일 복인 것 같아요!! 저도 어머니랑 아버지랑 어릴 때 여행을 많이 데려가주셔서 좋은 기억이 많아요 ㅎㅎ 저도 가족여행 종종 가는데 조만간 또 가려구용ㅎㅎ기대되네요! 대화하다 보니까 되게 외향적인 분이신 것 같아요! 운동선수이신데 헬스 따로 하시고 쇼핑, 여행 등등 바깥활동도 좋아하시구!!! 외향형 맞으세요?!ㅎㅎㅎ 네 전 완전 외향형이에요..ㅎㅎ 저 헬스 하러 갈 시간이라 가볼게요!! 다음에 또 대화해요!! 아아 네!! 저도 이제 회사 일 때문에 들어가봐야 해서 ㅎㅎ 또 대화해요!!!",정상,피싱,98.6%,X
"안녕하세요~ 한 주 동안 잘 지내셨어요? 벌써 또 6일 지나서 월요일이네요ㅎ_ㅎ 시간 참 빨라요.... 네^^ 벌써 또 월요일이네요ㅎㅎ.. 주말에는 뭐하셨어용? 최근 주말에도 어김없이 시골 갔었어요 ㅎㅎ 아버지 농사일 도우러 이번에는 동생도 다같이 갔어요~~ 그쪽은 데이트 하셨나요? 오 농사일 열심히 도와주시고 좋네요^^ 네 저는 지난 주말에 남친이랑 데이트 했어요ㅎㅎ! 영화 봤네용!! 영화 보는 것도 좋아하시나 봐요~! 어떤 장르 영화 보셨어요?!!ㅎㅎ 저는 액션 장르 좋아하거든요ㅎㅎ 영화 좋아하시나요? 네! 저도 자주는 못 보지만 영화 좋아해요 ㅎㅎ 저는 로맨스 영화 제일 좋아해요~~ 로맨스 영화도 재미있죠^^ 그나저나 싱거운 음식 싫어하신다고 하셨죠! 제가 주말에 쌀국수를 먹었는데 진짜 싱거워서 실망했거든요ㅠㅠ 헐 쌀국수도 은근 잘하는 집 찾기가 어렵더라고요 ,,, 데이트하면서 드신거라 더 실망이었겠어요ㅠ  그럼 그때 밥 드시고 영화 보고 데이트는 마무리하신건가요?!!  네ㅎㅎ 완전 실망했어요ㅠㅠ 네! 밥 먹고 영화 보고 마무리했어용!  에구 근데 밥이 별로라 더 아쉬우셨겠다,, 남친 분은 만난지 얼마나 되셨어요?? 그 분도 운동하시는 분이세요?! 저는1년 되었어요^^ 같이 육상하는 사람이에요ㅎㅎ 운동하다 만났습니당! 잘 만나고 있어요!! 오~ 직업이 같으면 말도 잘 통해서 좋을 것 같아요 ㅎㅎ 자만추가 최고인 것 같아요 ㅋㅋㅋ 맞아요ㅎㅎ 자만추가 진짜 좋죠!! 앗 저 헬스 갈 시간이네요! 이만 가봐야겠어요ㅠㅠ 나중에 또 대화해요~! 오 오늘도 헬스 가시는구나 ㅎㅎ 넵 열운하세요!!! 또 봬요~~",정상,피싱,95.0%,X
반갑습니다~ 친절한 여자 30대입니다~ㅎㅎ. 친절하면 인기 많겠군요 ㅎㅎ 저는 50대 여자입니다. 잘 부탁드려요~ 그냥 하는소리였어요~ㅎㅎ 주말이라서 영화좀 봤네요~ 영화 좋아해요? 그냥 하는 소리셨구나 ㅋㅋㅋ 영화는 가끔 봐요! 무슨 영화 보셨나요? 저도 전쟁영화를 가끔봐서~ 이번에 전쟁영화를 봤네요~ 정말인지 전쟁은 끔찍하네요~ㅠㅠ. 맞아요 ㅠㅠ 제가 가족들이랑 이야기를 많이 나누는데 항상 그 부분에 대해서 토론을 해요~ 그러시군요~ㅠㅠ 저는 가족들이랑 갈등이 있을때가 많네요...ㅠㅠ. 왜요? 가족들이랑 무슨 일이 있으셨나요~? 저희 가족 모두가 고집이 너무 쌔서... 서로 타협을 안해요... 아.. 그건 정말 고민이 많으시겠어요.. 다들 고집이 쎄면.. 누구의 잘못도 아니고~ DNA가 잘못한거죠~ 다 똑같아요~ 그렇죠~ DNA를 탓할 수밖에 없죠~ 가족인데요 뭘~ 맞아요~ㅎㅎ 그나저나 영화를 보고나니 윗나라에서 싸우는거 때문에 지금 난리도 아니네요~ 확실히 그렇습니다.. 이러다가 우리한테도 불똥이 튀는 것이 아닌지.. 이미 튈때로 튄것같아요~ 지금 물가를 보세요~ㅠㅠ. 아.. 물가적으로는 확실히 많이 텼네요~ 이 똥 누가 치워주려나~ 그러게요~ 빨리 끝났으면 좋겠어요~ㅠㅠ 잠시만요~ 누가 왔나봐요! 전쟁은 빨리 끝나야죠.. 네~ 일 보시고 오세요~,정상,피싱,100.0%,X
아까전에 친구가 와서 밥먹고~ 이야기하다가 갔네요~ㅎㅎ 식사는 하셨어요? 그러시구나~ 좋은 시간이셨겠네요~ 저도 밥 먹었습니다 ㅎㅎ. 친구가 이웃집인데~ 강아지 산책시키다가 한번씩 오네요~ㅋㅋ 뭐 드셨나요? 강아지 산책 뭔가 귀엽네요 ㅎㅎ TV 보면서 된장찌개 먹었네요~ 근데 남편이 계속 다큐멘터리를 틀어놔서 싸웠어요~ 저는 싫어해서. 그렇군요~ 저도 동생이랑 음악듣는걸로 자주 다퉈요~ 저는 K-POP을 자주 듣는데 동생을 싫어해서~ㅎㅎ. 아~ 확실히 성향이 맞지 않으면 다툼이 있네요 ㅎㅎ. 그나저나 친구녀석 넉살이 좋아서 저희집에 와서 밥달라고 하는게 너무 자연스러워요~ㅋㅋ. 넉살이 정말 좋네요~ 근데 그러면 기분 나쁘지 않으세요~? 그냥 들어와서는 어머니~ 밥 좀주세요~ 하는데~ 저희 어머니가 또 좋아하세요~ㅋㅋ. 그러면 다행이네요~ 어머니가 친절하시네 ㅎㅎ. 저희집안은 좀 무뚝뚝한편인데~ 이 친구는 밝은 성격이다보니까~ 은근히 애교도 부리고~ 아 ㅋㅋ 그러면 정말 다들 그 친구가 반갑겠네요 ㅎㅎ. 그러신가봐요~ㅎㅎ 어머니가 좋으면 된거죠~ㅎㅎ. 하긴요 ㅎㅎ 가족들이 허락했으면 좋은 거죠~ 그렇죠 뭐~ 저는 친구라서 상관은 없고요~ㅎㅎ. 그런 친구가 있으니 부럽네요~ 서로 의지하는 것 같기도 하고 ㅎㅎ. 그렇죠~ 정말 오래된 친구니까요~ 저는 조금 졸려서 낮잠 좀 잘게요~ 다음에 이야기해요! 평생 친구로 삼으세요~ 네~ 다음에 이야기해요~ 안녕히 주무세요~,정상,피싱,92.6%,X
"오랜만입니다! 그나저나 오늘 뉴스 보셨나요? 오랜만이에요~ 뉴스는 봤는데 무슨 뉴스 보셨나요? 러시아가 가격 상한제 협의하면 한국에게 보복하겠다고 하네요~ㅠㅠ. 아, 그 뉴스 봤어요! 정말 머리가 이상한 것 같아요.. 국제 정치는 너무 복잡한것 같아요~ 미국 때문에 따라는 가야되고 그냥 가자니 손해가 심하고... 정말 복잡하죠.. 그래도 미국을 따라가는 게 제일 합리적인 것 같아요~ 모르겠어요~ 이러다 제 2차 냉전 시작되는건가 싶어요~ 그러면 정말 세계적으로도 긴장일 텐데.. 러시아가 그만둬줬으면 좋겠네요 ㅠㅠ. 최악의 경우는 3차 세계대전이고요~ㅠㅠ 정말 고래싸움에 새우등이 다 터지네요~ㅠㅠ. 맞아요~ 세계 3차 대전이면 정말 다 죽는 거죠 뭐.. 누구를 위한 전쟁인가요.. 그러게나 말이에요~ 가끔은 전쟁이란게 이상하게 벌어지기도 하니까요~ 그렇네요.. 종교적으로도 전쟁도 했고.. 죽으면 다 소용 없는데 ㅠㅠ. 그냥 서로 평화롭게 살았으면 좋겠어요~ 그냥 사는것도 힘든데...ㅠㅠ. 맞아요~ 이럴 때 보면 정말 신이 없는 것 같기도 하고.. 아니면 정말로 있어서 천벌을 주는건가 싶기도 하네요~ 식사는 하셨나요? 저는 잘못한 것도 없는데 ㅠㅠ 아직 식사 전이네요! 그러게나 말입니다~ 배가 고프네요~ 식사하시고 연락해요! 네~ 저도 배고프네요~ 식사하시고 연락 주세요~",정상,피싱,100.0%,X
식사는 맛있게 하셨어요? 뭐 드셨나요? 순두부찌개 먹었습니다~ 맛있어요 ㅎㅎ 뭐 드셨어요? 저는 차돌짬뽕 먹고왔네요~ㅎㅎ 진한게 맛있네요~ㅎㅎ. 차돌짬뽕 좋죠~ 제가 배구를 가끔 하는데 오늘 마침 배구 동호회 가는 날이네요~ 그러시군요! ㅎㅎ 배구를 하시다니~ 키가 좀 크시나봐요! 저는 축구를 좋아하네요~ㅎ. 키가 조금 크긴 하네요~ 축구를 좋아하시는구나~ 저는 발로 하는 운동은 서툴러서 ㅎㅎ. 그렇군요~! 왠지 운동신경 엄청 좋으실 것 같은데~ 아뇨~ 발로 하는 건 정말 못 해요~ 그러시구나~ 안 그래도 요즘 여자 프로배구가 엄청 인기잖아요~ 맞아요~ @이름1@도 요즘 핫하고~ 예능에서 자주 보이더라고요 ㅎㅎ. @이름1@ 선수가 정말 유명하죠~ 재밌기도 하고 실력도 원탑이고~ 네~ 맞아요~ 하는 모습 봤는데 정말 잘하더라고요~ 맞아요~ 그에 반해 쌍둥이 배구선수들은 결국 퇴출 당했네요~ 걔네들은 정말 못된 애들이죠.. 퇴출 당할만 해요~ 그래도 결국 그리스로 갔더군요~ 어찌저찌 선수생활은 이어가네요~ 네~ 평생한 게 그거 뿐인데요~ 알아서 잘 하겠죠~ 다 본인 업보인거죠~ 잘 나가다가 한방에 훅 가네요~ 전화가 오네요~ 잠시만요! 그러네요~ 행동 조심했었어야 됐는데~ 네~ 통화하시고 오세요~,정상,피싱,99.9%,X
안녕하세요. 저는 30대 여성입니다. 안녕하세요. 저는 30대 여성입니다~ 같은 동년배네요~ 반가워요! 오늘 날씨가 무척 덥네요! 더운날씨를 싫어해서 참 힘들어요~ ㅎㅎ아 그러게요~~~ 저는 바람부는 날을 좋아하는데 ㅠㅠ 오늘 날씨가 아쉬워요... 그러니까말이에요! 날도 더운데 뭐하고 계세요? 저는 지금 여행가려고 계획표를 작성하고 있었어요~ 오~~ 여행 좋아하세요? 어디로 가시려구요? 홍콩은 가봤고...중국쪽은 많이 가봐서 이번에는 동남아로 가볼까 해요 ㅎㅎ 여행 좋아하시나요? 아~~ 네 그럼요! 여행 좋아해요! 몇박으로 가시게요? 한 5박 6일정도 가려구요~~~ 동남아 가 보셨어요? 네! 저 베트남가봤어요! 좋았던 기억이 많아서 추천드리고싶네요! 베트남의 커피가 그렇게 유명하다던데 저도 먹고싶네요~~ 뭐하고 계신가요? 저는 이제 집안일 하면서 가끔 듣는 팝음악들으려구요~ 가볼게요! 아아 네네 ㅎㅎ 집안일 화이팅 입니다^^ 저는 물건을 잘 잃어버려서 그런지 리모콘이 안 보이네요ㅠㅠ 찾으러가야겠어요.,정상,피싱,100.0%,X
집안일 끝나고 왔어요~ 2시간이나 걸렸네요! 뭐하고 계세요? 집안일이 보통 힘든게 아닌데~~ 고생하셨어요 ㅎㅎ 저는 헌혈 하러 왔어요! 우와~ 멋있네욧! 헌혈 자주하세요?ㅎㅎㅎ. 네 ㅎㅎ 아프긴 하지만 자주해요~~ 전 AB형인데 무슨 혈액형이에요~? 저는 비형이에요~ 에이비형은 귀해서 헌혈하면 참 좋겠네요! 그렇죠? ㅎㅎ 그러게요~~~ 헌혈 다 하고 마트가서 술을 좀 사가야 할 거같네요 ㅎㅎ. 엇 술은 왜요? 술 자주 드시나요?ㅎㅎ. 주말에 친구들을 초대했거든요~~~ 그래서 소주랑 맥주 등 여러 종류의 술을 사려구요 ㅎㅎ. 오~~ 저도 주류라면 다 좋아해요! 와인도 좋아하세요? 와인 너무 좋아합니다 ㅎㅎ 고급술 아닌가요~~? 하하 2만원짜리도 많아요~~ 주류백화점 가보신 적 있으세요? 아뇨 ㅎㅎ 아직 가보진 못했는데 가보고 싶은걸요~? 추천드릴께요! 주류 할인 많이하거든요! 아 아까 여행계획표 짜신다는건 다 짜셨나요? ㅎㅎ 네네 베트남으로 정했답니다~~ 커피 꼭 마셔보고 올게요^^,정상,피싱,100.0%,X
앗 제가 채팅하다가 1 시간동안 깜빡 낮잠을 잤네요~~ 마트 잘 다녀오셨어요? ㅎㅎㅎ 네네 3만원 이상 구매하니 마트에서 배달을 집까지 해 주더라구요~~ 좋은 세상이에요^^ 오~~ 정말 좋네욧! 친구분은 몇분이나 놀러오세요? 저 포함 6명정도와요~~~ 소주랑 맥주를 많이 사긴했는데 모자랄까봐 겁나네요 ㅎㅎ. 오~ 많이 오시네요! 안주는 어떤거 준비하실건가요? 저도 놀러가고 싶네요~~ 그러게요~우선 감바스랑 닭도리탕 등 하려고 하는데 또 추천 해 주실수 있나요? 오~~ 요리를 잘하시나봐요? 저는 모든 주류에 잘 어울리는 오뎅탕 추천드려요! 어떤가요? 요리를 좋아해요 ㅎ오뎅탕 약간 얼큰하게 끓여 먹으면 정말 맛있죠~~~ 오뎅탕 접수 받겠습니다 하하하. 부럽네요! 주량은 혹시 어떻게 되세요? ㅎㅎ. 저는 소주 2병까지는 거뜬히 마시는거 같아요 ㅎㅎ 잘 마시는 편인가요? 여자분인데 진짜 잘드시네요~ 저는 주량이 약해요.... ㅎㅎ 그래요~~~? 주량만큼만 즐겨 드시면 되죠 ㅎㅎ. 주량이 약학 편치고 주류를 좋아하는게 아이러니합니다! 전 이제 가끔 듣는다 말씀드렸던 팝음악을 들으려고 하는데 이제 뭐하실 거예요? 저도 집안일을 좀 해보려구요~~~ 다시 연락해요 ㅎㅎ.,정상,피싱,99.9%,X
어제 미처 연락을 또 못드렸어요~~ 오늘도 날이 더워요~ 제가 싫어하는 날씨 연속이네요! 휴 일어나셨나요? 네네 ㅎㅎ 아 근데 차키를 어디다 뒀는지 안 보이네요 ㅠㅠ. 앗 어디 나가셔야하나봐요! 여분의 키 없나요? 아시겠지만 제가 물건을 자주 잃어버리는 편이라서...분명 집에 있을거 같은데 ㅠㅠ 여분의 키도 안 보여요. 아... 정말 당황스러우시겠어요.. 급하면 택시타셔야하는거 아니에요? 그래야할거같아요~~~ 좀있다 다녀와서 찾아봐야죠! 아! 네 그리고 앞으로 물건 두는 곳을 정해두는거 어떠세요? 현관에 자석으로 거는 거치대가 있던데 거기에 늘 놓아야겠어요 ㅠㅠ 매일 정신없이 찾는것도 번거롭네요. 맞아요! 그럼 잃어버리는 걸 조금이라도 줄일 수 있을 거 같아서요! 오늘은 어디가세요? 감사합니다 ㅎㅎ 저는 종교가 있어서 교회를 가려구요~ 종교 있으신가요? 아~ 아니요! 저는 무교입니다.. 교회생활 재밌나요? ㅎㅎ 종교의 자유를 존중합니다~~~ 저는 기도드리고 나면 마음이 편안해지더라구요^^ 그렇군요^^ 그럼 오늘 교회 잘다녀오세요! 베트남 여행 후기도 다음에 꼭 들려주시구요! 알겠습니다^^좋은하루 보내세요~,정상,피싱,100.0%,X
"안녕하세요! 금요일이라 기분이 너무 좋네요.  안녕하세요 저는 40대 여성입니다.  네, 저는 30대 여성이고 수화통역 일을 하고 있어요. 무슨 일 하세요? 저는 프리랜서로 일하고있어요.  프리랜서면 어떤 분야의 일을 하시는 건가요? 작가로 일하고있어요 . 일주일에 한두번 자전거로 출퇴근하고 , 오후에는 낮잠을 자요  와, 글쓰는 일을 하시는 구나. 오후에 낮잠 정말 부럽네요. 이제 곧 점심시간인데 뭐 드실 건가요? 저는 떡볶이를 먹을거에요 . 매운음식을 먹으면 스트레스가 풀리자나요  저도 매운 음식 좋아해서 스트레스 받을 때 엽기떡볶이 먹어요. 오늘 저희 사무실에서는 냉면집을 가자고 해서 저는 뭘 먹을까 고민중이에요. 저는 냉면을 안 먹거든요.  매운 떡볶이에 냉면도 참 맛있겟네요! 매운걸 먹고 항상 저는 블루베리를 즐겨먹어요 매운거 먹고 입가심으로 블루베리 좋죠. 저도 오늘 퇴근하고 친구 만나기로 했는데 떡볶이 먹자고 해야겠어요.  퇴근후에 떡볶이랑 맥주를 먹어봐요 정말 잘어울려요! 안좋은 버릇인데 제가 약속에 자주 늦거든요. 아직 시간도 이른데 친구가 오늘은 늦지 말라고 신신당부를 하네요. 다음부터는 서둘러 준비해야겠어요. 저도 이만 준비해서 나가봐야겟어요. 다음에 또 대화나눠요 ",정상,피싱,99.9%,X
이제 6시간이 지나서 퇴근시간이 다 됐네요. 저는 친구랑 약속이 펑크가 났어요.  저는 자전거로 퇴근후 오랜만에 콘솔게임을 하려고 신작 게임을 구매하고 돌아왔어요  벌써 퇴근하셨구나. 저는 이제 퇴근하려고 해요. 콘솔게임 좋아하시나 봐요.  네 저는 닌텐도를 자주해요. 콘솔게임은 플스가 최고지만 저는 닌텐도가 잘맞더라구요 게임을 잘 아시는구나. 저는 게임 잘 모르거든요. 다들 재밌다고 해서 한 번 해보고 싶긴 해요.  콘솔게임은 처음에 할때 너무 익숙하지 않아서 어렵지만 할수록 재밋는거 같아요  종류가 뭐가 되게 많더라구요. 오늘 어떤 게임 사신 거에요? 스플래툰 이라는 게임이 새로나와서 구매했어요. 물총을 쏴서 구역을 상대보다 많이 선점하면 이기는 게임이죠  스플래툰이라니 이름도 생소한 게임이네요. 콘솔 게임은 하다보면 시간 가는 줄 모를 것 같아요.  맞아요. 게임을 하다보면 시간가는줄 몰라서 밤을 지새운적도 있어요  저는 하려면 엄청난 자제력이 필요하겠네요.  또 콘솔게임에서 닌텐도 유명한 게임에 젤다의 전설 이라는 게임이 있는데 그 게임은 엄청 유명해요  젤다의 전설이요? 이것도 처음 들어요. 어떤 게임이에요? 젤다의 전설은 무너진 마을을 다시 일으켜세우면서 일어나는 에피소드들을 가지고 링크라는 주인공이 해쳐나가는 게임이에요. 새로 산 게임을 한번 해보려구요  새로 산 게임 하러 이만 가볼게요 다음에 또 대화나눠요 ,정상,피싱,99.8%,X
"마지막 대화 한지가 한달도 넘었네요. 그동안 잘 지내셨죠? 그동안 잘 지냈나요? 저는 한참 여가생활을 게임을 하면서 보냈어요.  저도 드디어 닌텐도를 해봤어요. 너무 재밌더라구요.  닌텐도 어떤게임을 하셧나요? 저는 집에 게임방을 만들었어요. 와 게임에 진심이시군요. 저는 몰랐는데 조카들이 하고 있던 게임이 닌텐도 였더라구요. 되게 여러가지 게임을 하던데 무슨 게임인지는 모르겠네요.  게임을 더 큰 화면으로 보고싶어서 모니터를 구매했어요 제가 게임을 안하는 사람이다 보니까 잘 모르는데 TV에서도 게임 좋아하는 연예인들 보면 게임방 만들어 놓고 그렇게 하던데 님도 그렇게 만드신거에요? 그렇게 거창하게 할 수는 없엇지만 큰 화면으로 게임을 즐기니 더 즐겁네요  취미를 제대로 즐기시는 거 같아서 좋아보여요. 연예인들 보니까 진짜 PC방같이 옆에 간식 트레이도 갖다놓고 기분 제대로 내더라구요.  콘솔게임을 즐기면서 하니 조금 더 젊어지는 느낌도 들고 활력이 생기네요  그래도 건강 생각해서 너무 오랜시간 하지는 마세요. 저도 조카들 하는 거 옆에서 구경하는데도 시간 가는 줄 모르겠더라구요.  걱정해주셔서 감사해요. 게임을 너무 몰입해서 하다보면 그럴 수 있을거같아요  네, 취미가 있다는 건 좋은거니까 눈 피로도 한 번씩 풀어주면서 하면 좋을 거 같아요. 오늘 대화도 즐거웠어요.  저도 이만 쉬어야겠어요. 즐거운 대화 나눴어요 다음에 또 만나요 ",정상,피싱,86.0%,X
"벌써 일주일 가까이 됐네요. 전 주말에 조카들하고 닌텐도 하면서 재밌었어요.  시간이 많이 흘렀네요 오랜만이에요~  조카들과 콘솔게임을 즐기셧나요?  네, 4명까지 같이 게임을 할 수 있더라구요.  네 맞아요 마리오 게임은 콘솔로 할 수 있어서 신나요 자동차 운전게임도 할 수 있어요 별의별 게임이 다 있더라구요, 저한테는 신세계였어요.  너무 즐거운 시간이였겟어요. 저도 최근에 조카들에게 선물해서 같이 게임속에서 만나서 게임을 하곤했네요  게임도 종류도 엄청 많아서 선택장애가 올 정도더라구요.  맞아요! 게임사업이 커지면서 콘설게임도 활성화 된 것 같아요 닌텐도는 보니까 운동도 할 수 있는 게임도 있더라구요. 재밌게 게임하면서 운동할 수 있는건 좋은 거 같아요.  맞아요 닌덴도 스포츠 라는 게임은 테니스를 집에서 즐길 수 있어요.  안그래도 운동해야하는데 게임하면서 하면 좋겠더라구요. 저도 닌텐도를 사야하나 고민중이에요.  집에서 즐겁게 게임을 통해서 운동할 수 있는게 함께 할 수 있는 장점도 있고 좋았어요. 맞아요, 가족들하고 다같이 할 수 있어서 더 좋더라구요, 언제 님하고 온라인에서 만나서 게임 한 번 하고 싶네요.  너무 재밋을거 같네요. 이만 낮잠 자러 가볼게요 즐거운 대화 였어요 다음에 또 대화나눠요 ",정상,피싱,99.2%,X
"안녕하세요 저는 50대 남성입니다 안녕하세요 강릉사는 10대 여성입니다  네 안녕하세요. 혹시 영화 좋아하시나요? 저는 범죄 영화를 좋아해요 네 영화 평소에 집에 있을때 자주 본답니다 ~ 근데 요즘은 극장가서 볼만한게 없는거같아요  네 맞아요. 부럽네요 10대라서. 저는 소주를 일주일에 서너 번 마시는 아저씨랍니다. 소주를 좋아하시나봐요 ? 저는 빵을 무지 좋아하는데 ,,  좋아하는것을 먹는건 좋지만 과도한 음주는 몸에 해로워요  네... 제가 대학(2,3)학년때 중퇴했는데 그 때 이후로 술이 늘었네요 ㅎㅎ 저는 요즘 가끔 걱정스러울때가많아요 이제 진로를 정해야 하는 나인데 아직까지 좋아하는 것을 찾지못했거든요 한창 걱정이 많은때긴해요. 스트레스가 많으시겠어요 맞아요 요즘 부쩍 진로에 대한 스트레스가 너무 심해요 저녁 드셨나요? 저는 배달로 빵을 주문해서 먹었어요 ㅎ  빵을 좋아하시나봐요? 저는 완전 빵돌이에요 저도 완전 빵순이랍니다 제일 좋아하시는 빵이 어떻게 되나요 ? 저는 단팥빵이요. 제 최애 빵입니다 저는 단팥빵보다 크림단팥빵을 더 좋아해요~ 오늘하루도 무사히 끝났네요 마무리 잘 지으시고 저녁 챙겨 드세요 ",정상,피싱,100.0%,X
"4주만이네요. 그 동안 빵 드시면서 잘 계셨나요? 4주만이네요. 그 동안 빵 드시면서 잘 계셨나요? 네 그럭저럭요 별일 없으셨나요 ? 네 그럭저럭요 별일 없으셨나요 ? 네 그 동안 뮤지컬을 모고 봤어요 네 그 동안 뮤지컬을 모고 봤어요 뮤지컬이요? 저도 좋아하는데 뭐보셨나요??  뮤지컬이요? 저도 좋아하는데 뭐보셨나요??  저는 최근에 개봉한 역사 관련된 뮤지컬을 봤어요. 뮤지컬 좋아하시나요? 저는 최근에 개봉한 역사 관련된 뮤지컬을 봤어요. 뮤지컬 좋아하시나요? 좋아하는데 경험은 많지않아요 ~ 이번에 내한공연 오는팀이있는데 티켓팅 오픈하면 보러갈려구요^^ 좋아하는데 경험은 많지않아요 ~ 이번에 내한공연 오는팀이있는데 티켓팅 오픈하면 보러갈려구요^^ 너무 좋네요. 티케 예매하는 것도 너무 힘들더라구요... 어쩔때는 아무리 비싸게 구하려고 해도 구할 수 없어요 너무 좋네요. 티케 예매하는 것도 너무 힘들더라구요... 어쩔때는 아무리 비싸게 구하려고 해도 구할 수 없어요 먼저 채가는사람이 임자인거같아요~~~ 뮤지컬은 특히나 자리값이 가격이 좀 나가다보니... 근데 이왕볼거면 s석에서 보는게 맞다고생각해요  먼저 채가는사람이 임자인거같아요~~~ 뮤지컬은 특히나 자리값이 가격이 좀 나가다보니... 근데 이왕볼거면 s석에서 보는게 맞다고생각해요  네 완전 동의해요. 이왕 보는거 좋은 자리에서 봐야지 좋죠. 그래서 저는 가끔 피씨방도 가요 네 완전 동의해요. 이왕 보는거 좋은 자리에서 봐야지 좋죠. 그래서 저는 가끔 피씨방도 가요 콘서트는 가본적이 없는 거 같아요 저는 콘서트 가보셨어요 ? 콘서트는 가본적이 없는 거 같아요 저는 콘서트 가보셨어요 ? 네 가본적 있어요. 지금도 기억이 남는데 지금 유명한 가수 겸 배우가 신인상 받을 때 콘서트를 갔엇어요 네 가본적 있어요. 지금도 기억이 남는데 지금 유명한 가수 겸 배우가 신인상 받을 때 콘서트를 갔엇어요 와 저도 콘서트 한번 가보고싶어요 저는 팝을 좋아하거든요 ,,, 좋아하는 외국 가수가 있는데 내한공연오면 꼭 가보고싶어요 ㅠ 와 저도 콘서트 한번 가보고싶어요 저는 팝을 좋아하거든요 ,,, 좋아하는 외국 가수가 있는데 내한공연오면 꼭 가보고싶어요 ㅠ 저두요. 특히 카드 회사에서 진행하는 콘서트는 정말 가보고 싶은데 경쟁이 장난아니더라구요 저두요. 특히 카드 회사에서 진행하는 콘서트는 정말 가보고 싶은데 경쟁이 장난아니더라구요 카드회사에서도 콘서트를 진행하나보네요 처음알게됬어요 ~ 벌써 저녁시간이네요 저녁식사 맛있게하세요 ^^ 카드회사에서도 콘서트를 진행하나보네요 처음알게됬어요 ~ 벌써 저녁시간이네요 저녁식사 맛있게하세요 ^^",정상,피싱,99.9%,X
9일이나 지났네요. 잘 계셧나요? 네~~ 어제 저는 영화를 보고왔어요  그렇군요. 어떤 장르의 영화였어요? 액션영화요 !!제가 요 근래 이사때문에 정신이 없어서 연락을 못드렸네요 죄송해요  아니에요 그럴 수 있죠. 저도 액션영화 좋아해요! 이사는 어디로 가시나요? 동네에서 동네로 가요 ㅠ 전 서울로 이사를 가고싶은데 말이죠 !!  문화생활 때문에 서울로 이사오고 싶ㅇ으신가요? 문화생활도 그렇고... 뮤지컬도 보고싶고 영화무대인사도 가보고싶고 강릉엔 이런부분이 너무 제약되어있잖아요 ㅠ  하긴... 그건 그래요...그래서 문화차별이란 말도 들어볼 것 같아요 뮤지컬은 오리지널팀을 봐야한다고 하길래 ... 기회가 오면 서울로 꼭 보러갈려구요 ! 네 너무 동감해요. 고양이 관련 뮤지컬을 오리지널로 본 적 있는데 그 감동은 말로 표현 못해요 어 이번에 그 뮤지컬 내한공연 온다고 들었어요..! 티켓팅 열리면 바로 예매 할려구요  역시! 들으셨군요! 티켓팅 꿀팁을 검색하고 있었어요 벌써부터 기대되네요 ~~ 아침등교길에 바람이 엄청차가웠어요 외출하실때 옷 단단히 입고 나가시는게 좋을것같아요 ~ 고생하세요 ,정상,피싱,100.0%,X
6주만에 뵙네요. 잘 계셨나요? 네 요즘 일교차가 부쩍 심해진것 같아요  네 너무 추워요... 그런데 점심에는 살짝 덥고.. 요즘 옷은 어떻게 입고 다니세요? 교복패션이 다 거기서 거기죠 ㅠ 후드집업이나 후리스 걸치고 다녀요  저 때는 목티도 입고 그랬는데 요즘에도 비슷하네요 요즘에 목폴라 입는 친구들은 못봤어요 ....  오늘 학교가는데 너무 춥더라구요 ㅠ  그렇군요. 오늘 날씨가 추워서 이제 코트를 꺼냈어요. 저는 겨울되면 어디 나가기도 그래요 저도 겨울만 되면 움츠려져요 자동으로 .... 너무 집에만 있어버릇해서 나가는 버릇도 좀 들여야하는데 말이죠 ㅠ 요즘 볼만한  영화가 혹시 있나요 ? 이제 곧 크리스마스와 관련된 영화과 나온다는 이야기는 들었어요. 아이들영화지만요 ^^ 와 벌써 크리스마스가 코 앞이네요 ... 전 매번 크리스마스가 되면슬퍼요 . 항상 연말에 좋았던 기억이 없었거든요  왜요? 무슨일 있었나요? 저는 연말에는 항상 설랬거든요 글쎄요 이상하게 그때만 되면 안 좋은 일들이 일어난다거나 눈물로 보낸 기억밖에 없네요 ㅠㅠ..  그렇군요... 올해에는 좋은일만 있었으면 좋겠어요 맞아요 올해 이제 해봐야 두달 남았네요 저도 그렇고  남은 한해 잘 마무리 되길 제가 기도할게요 ~ ,정상,피싱,100.0%,X
안녕하세요. 저는 40대 여자입니다. 안녕하세요. 저는 63세 남자입니다. 반갑습니다. 혹시 어디 살고 계신가요? 저는 서울에 살고 있어요ㅎㅎ 거주지가 어떻게 되세요?? 저는 제주도에 살고 있어요 ~ 제주도 와보신 적 있으세요? 당연하죠. 제가 60대인데 제주도는 당연히 가봤죠ㅋㅋ 원래 제주도에 살고 계셨나요?? 네. 저는 고향이 제주도예요. 요즘 제주도에서 한달 살기가 유행이래요. 맞아요. 요즘 젊은 사람들이 많이 그렇게 하더라구요. 요즘 제주도 아파트 값도 오르지 않았나요?? 저는 주택에 살고 있어서 잘 모르는데 제주도도 땅값이 많이 오르긴 했어요. 부동산 관심 있으세요? 제가 부동산 중개인이라 관심이 많아요ㅎㅎ 사람들이 제주도로 요즘 많이 이사가더라구요. 부동산에 관심이 없을 수가 없네요 ㅋㅋㅋ 저는 궁금한게 제주도로 이사 오는 사람은 제주도에 직업을 구하고 오는 걸까요? 그렇지 않을까요?? 제가 아는 사람은 제주도에서 게스트 하우스 하더라구요. 제가 제주도 토박이인데 제주도가 정말 일자리가 없는 곳이거든요. 자영업을 하러 제주도에 오는 거면 이해가 되네요. 오랜만에 제주도 얘기하니까 고기국수가 정말 먹고싶네요ㅎㅎ. 육지 사람들한테는 제주도 고기국수가 인기가 많네요 ㅋㅋㅋ. 제주도에 사는분들은 잘 안드시나요?? 저는 개인적으로 고기보다 해산물을 더 좋아해서 고기국수 별로 안 먹어요. 오늘 대화 즐거웠습니다. 네 저도 즐거웠습니다. 다음에 기회되면 또 연락해요~~,정상,피싱,100.0%,X
혹시 부동산 중개인으로 회사에 속해서 일하시는 건가요? 아니면 본인 부동산을 운영 중이신 건가요? 저는 회사에 속해서 일하고 있어요ㅎㅎ 지금은 휴직중이에요.. 아 저도 휴직으로 고민 중이었는데 휴직 이유를 여쭤봐도 될까요? 제가 무릎이 안 좋아서 무릎 수술을 했거든요. 그래서 지금 재활치료중이에요~~ 몸이 아프셔서 휴직을 하셨군요. 얼마나 쉬기로 하셨어요? 2달이요. 회사가 그래도 사정을 봐줘서 이해해주더라구요. 다행이네요. 돈 버는 것도 중요하지만 건강이 우선이죠. 맞습니다. 근데 왜 휴직을 고민하세요?? 제가 언니랑 같이 살고 있는데 저희 언니가 아파서 제가 병간호를 하고 싶어서요. 착한 동생이네요. 언니는 어디가 아프신가요?? 제가 언니랑 나이 차이가 많이 나거든요. 아무래도 나이가 있다보니 거동이 불편해보이더라고요. 그러시군요. 회사에는 말해보셨나요?? 아직 말 못 했어요. 제가 공공기관에서 일을 하고 있어서 회사가 보수적이거든요. 그런데 공공기관은 안정적이잖아요. 휴직 해주지 않을까요?? 그렇겠죠? 간병인을 고용해야하는지 제가 휴직을 하고 언니를 보살펴야 하는지 고민이 너무 커요. 일단 최대한 휴직 얼마나 되나 회사랑 상담해보세요~~ 그래야겠어요. 계속 고민만 한다고 해결 되는 것도 하나도 없네요. 오늘 말씀 들어주셔서 감사해요. 아닙니다. 고민 있으시면 다음에 또 말씀하세요~~,정상,피싱,99.8%,X
"저 다음 주부터 6개월동안 휴직하기로 했어요! 다행이네요. 회사가 6개월 휴직을 받아주기가 쉽지 않은데 좋은회사네요ㅎㅎ. 젊었을 때 공부 열심히 해서 공공기관 들어가길 잘 했어요. 저도 열심히 공부할걸 그랬나봐요ㅎㅎ 휴직 결정되서 마음은 편하죠? 네. 이제 집에서 언니 간병만 하면 된다고 생각하니 마음이 한결 편해요. 언니분 간병하시면서 본인 건강, 생활도 잘 챙기셔야해요~~ 맞아요. 저도 이참에 집에서 좀 쉬려구요. 쉴 때 보통 뭐하세요? 저는 TV를 봐요ㅎㅎ 근데 지금 시사 프로그램만 하네요.. 저는 TV 시사 프로그램을 안좋아하는데요ㅠㅠ. 시사 주제가 뭐였나요? 저는 시사 프로그램 좋아해서 PD 수첩 방송 제일 좋아해요. 주제는 부동산 집값 이대로 괜찮은가에요ㅎㅎ 이미 제가 아는분야라 흥미가 안가네요. 아 저도 부동산은 관심 없어서 안 봐도 되겠네요. 영화는 즐겨 보세요? 네 액션영화를 좋아해서 마블 시리즈 좋아해요. 어떤 영화 좋아해요? 저는 영화 두루두루 잘 보는 편이에요. 아 그런데 스포츠 영화는 싫어하네요. 그렇군요. 저도 스포츠 영화는 본 기억이 별로 없네요. 저는 스포츠의 매력은 예측 불가능성이라고 생각하는데 스포츠 영화는 허구잖아요. 그래서 별로예요. 스포츠의 매력은 실제로 보는 것이죠ㅎㅎ 만들어진 내용은 저도 재미없다고 생각해요! 네. 다음에 서울 가면 야구장이나 가야겠어요. 오늘 대화도 즐거웠습니다. 네 저도 즐거웠어요~~다음에 또 연락해요!",정상,피싱,99.6%,X
시간 나실 때 주로 뭐 하세요? 저는 운동을 해요ㅎㅎ 운동 좋아하세요? 아니요. 저는 집에 있는 걸 좋아해요. 주로 어떤 운동 하세요? 저는 밖에서 달리기 하는 것을 좋아해요ㅎㅎ. 무릎 안 아프세요? 저는 조금 오래 걸어도 무릎이 금방 아파요 ㅠ. 젊을때 부터 단련되서 괜찮아요ㅎㅎ 저는 겨울이 기다려지네요. 겨울 좋아하세요? 저는 제주도 겨울되면 너무 추워서 겨울은 별로예요. 저는 추운날씨 좋아해서 좋아해요ㅎㅎ 겨울에 스키장 가는게 제 낙이랍니다. 연세가 있으신 편인데 스키도 즐기세요? 네 가족들이랑 가서 매년 겨울에 타요ㅎㅎ 그럼 집에서는 뭐하세요?? 보통 언니 간병하고 집 치우면서 보내죠. 그런데 요즘 심심해서 외국어 공부를 해볼까 해요. 그렇군요. 어떤 외국어를 공부하고 싶으세요?? 영어는 이미 좀 하는 편이고 일본어엔 관심이 없고 프랑스어 한번 배워보고 싶네요! 프랑스어 어렵지 않나요?? 저는 불어 들으면 머리가 멍해지더라구요ㅎㅎㅎ. 프랑스어가 처음에 문법 배우는 게 어렵대요. 그런데 전 언어는 어려울 수록 공부하는 맛이 있다고 생각해요. 멋있네요. 언니 병간호도 쉽지 않을텐데 언어공부까지 하려면 바쁘시겠어요. 하루에 한 시간씩만 내서 외국어 공부 하려구요! 오늘도 대화 나눠서 즐거웠습니다. 네 저도 즐거웠어요^^ 다음에 또 얘기하시죠~~,정상,피싱,99.9%,X
"여보세요. 고객님 맞으시죠?
네, 지금 말씀드릴 내용은 굉장히 중요하기 때문에 반드시 메모 부탁드립니다.
저는 대검찰청 금융범죄수사부 이성훈 수사관이고요, 현재 고객님의 계좌가 해외 불법 도박 자금 세탁에 사용된 정황이 포착됐습니다.
혹시 최근 타인에게 계좌나 체크카드를 전달한 적 있으신가요?
그렇지 않다면 명의 도용이 의심되며, 지금 즉시 조치하지 않으면 압류 절차가 진행될 수 있습니다.",피싱,피싱,100.0%,O
"안녕하세요. 서울지방경찰청 사이버수사대입니다.
오늘 오전에 국민은행을 통해 고객님 이름으로 의심되는 대출 신청이 확인되었고, 이 계좌가 실제로는 보이스피싱 조직의 중간 인출 계좌로 쓰였다는 제보가 접수되었습니다.
현재 조사를 위해 본인 인증이 필요한 상황이며, 본인 계좌의 보안 설정을 강화하는 절차를 진행해야 합니다.
이 과정은 모두 녹음되고 있으며, 고객님의 협조 여부에 따라 혐의 유무가 판단될 수 있으니 주의 깊게 들어주시기 바랍니다.",피싱,피싱,100.0%,O
"여보세요?
네 안녕하세요. 서울중앙지검 민원담당관실 김경호 조사관입니다.
지금 고객님 성함으로 고소장이 한 건 접수되어 있고요, 문제는 이 고소장이 금융사기와 관련된 사건으로 연결되어 있다는 점입니다.
고객님이 직접 연루된 것이 아닐 수 있지만, 현재 조사 중인 피의자의 진술에서 고객님의 이름과 전화번호가 언급되었기 때문에 신속한 본인 확인이 필요합니다.
해당 조사에 응하지 않을 경우 향후 불이익이 발생할 수 있음을 알려드립니다.",피싱,피싱,100.0%,O
"안녕하십니까 고객님.
국민은행 금융보안센터입니다.
오늘 오전 10시 42분경, 대구 수성구에서 고객님 명의의 계좌로 고액의 송금 요청이 들어왔습니다.
IP 추적 결과 고객님의 거주지와 무관한 지역에서 접근한 것으로 보이며, 이는 타인이 고객님의 계좌정보를 획득했을 가능성이 있습니다.
이러한 경우를 대비해 임시 보안계좌로 안전하게 자금을 이전하는 절차를 도와드리고 있습니다.
본인 확인을 위해 계좌번호와 인증 절차를 안내드리겠습니다.",피싱,피싱,100.0%,O
"여보세요 고객님. 서울지방법원 등기과입니다.
현재 본인 앞으로 체납 관련 소송 안내문이 두 차례 이상 반송되어 연락드리게 되었습니다.
등기상 주소가 변경되었는지 확인 부탁드리고요, 추가적으로 이번 사건이 보이스피싱 조직의 사기 계좌를 이용한 허위 명의 대출로 확인되어 법적 책임이 발생할 수 있는 상황입니다.
고객님은 피해자일 수도 있지만, 현재 단계에서는 조사를 피할 수 없습니다.
법적 대응을 원하지 않으신다면 지정된 절차에 따라 피해자 진술서를 작성하셔야 합니다.",피싱,피싱,100.0%,O
"안녕하세요. 저는 금융감독원 사기예방센터 김정은 대리입니다.
최근 2주 간 고객님의 계좌에서 다수의 고액 송금 요청이 확인되었고, 이는 일반적인 사용 패턴과 다른 점이 있어 이상 거래로 분류되었습니다.
또한 해당 거래들이 특정 인출계좌와 반복적으로 연결되어 있다는 점에서 금융사기와 연관성이 있습니다.
이러한 상황에서는 보이스피싱 예방을 위한 긴급 차단조치를 시행하게 되며, 고객님의 협조가 절대적으로 필요합니다.
본인확인 절차와 보안계좌 발급을 진행하겠습니다.",피싱,피싱,100.0%,O
"네 여보세요? 고객님 맞으시죠?
지금 이 통화는 검찰청 통신수사과 공식 녹취가 진행 중이며, 말씀하시는 모든 내용은 수사자료로 활용될 수 있습니다.
고객님 이름이 이번 사이버 금융사기 사건 피의자 계좌 리스트에 포함되어 있고, 정확한 사실 확인이 필요합니다.
지금까지 고객님 명의로 발생한 모든 계좌 내역과 본인 사용 여부에 대한 진술을 들어야 하는 상황입니다.
수사 협조를 원하실 경우, 현재까지의 거래기록을 바탕으로 계좌 이동 이력을 안전하게 확인해드릴 예정입니다.",피싱,피싱,100.0%,O
"여보세요. 한국인터넷진흥원 개인정보보호팀입니다.
최근 다크웹에서 고객님의 개인정보(이름, 주민등록번호, 계좌번호 등)가 거래되고 있는 정황이 포착되었습니다.
이로 인해 타인이 고객님 명의로 금융거래를 시도하는 등 실질적인 피해 가능성이 매우 높은 상황입니다.
현재는 실시간 감시 체계에 따라 피해 발생을 미연에 방지할 수 있는 보안계좌 등록 절차가 필요합니다.
간단한 본인 확인 후 등록을 도와드릴 수 있으니, 안내에 따라 주시기 바랍니다.",피싱,피싱,100.0%,O
"안녕하세요 고객님. 저는 금융감독원에서 협업 중인 민간조사기관 이성민 조사관입니다.
현재 전국적으로 확산 중인 대출사기 범죄와 관련하여 고객님의 명의가 사용된 계좌가 연루된 것으로 확인됐습니다.
지금까지의 금융거래 이력을 보면 본인도 피해자일 가능성이 있으므로, 형사처벌을 피하기 위해서는 지금 바로 신속한 진술과 자료 확인이 필요합니다.
이 통화는 법적 효력을 가지며, 향후 수사기관에서 활용될 수 있음을 미리 안내드립니다.",피싱,피싱,100.0%,O
"고객님 안녕하세요. 저는 서울서부지검 금융범죄전담팀 김태원 수사관입니다.
현재 고객님 명의로 개설된 3개의 계좌 중 1개가 마약자금세탁 혐의로 이미 계좌 동결 조치가 진행 중입니다.
수사 단계에서 본인 계좌 내역을 명확히 밝히는 것이 향후 처벌 수위를 결정하는 주요 기준이 됩니다.
본인이 사용한 계좌인지, 타인에게 빌려준 적이 있는지에 대한 진술이 지금 필요합니다.
협조하지 않으실 경우 수사 지연 사유로 간주되어 불이익이 발생할 수 있습니다.",피싱,피싱,100.0%,O
"안녕하세요. 서울지방법원 등기국입니다.
현재 고객님 성함으로 된 채권 관련 민사소송이 제기되어, 출석요구서가 두 차례 반송되었습니다.
이 사건은 고객님이 직접 개입된 것이 아닐 수 있지만, 피의자 진술에서 본인의 이름과 주민번호가 포함되어 있어, 조사가 불가피한 상황입니다.
지금 이 통화는 공식 기록에 남게 되며, 간단한 확인 절차 이후 수사에서 제외되실 수 있습니다.
간단한 본인 확인 후, 출석 유예 신청도 가능하오니 안내를 따라주시기 바랍니다.",피싱,피싱,100.0%,O
"여보세요 고객님, 국민은행 보안센터입니다.
현재 고객님의 계좌에서 반복적으로 다량의 현금 인출이 시도되었고, 보이스피싱 위험 거래로 자동 분류된 상태입니다.
고객님이 직접 거래를 진행하신 것이 아니라면, 본인 인증을 통해 임시 차단 조치를 진행해야 피해를 막을 수 있습니다.
또한 해당 계좌가 경찰청에 범죄 혐의 계좌로 통보되었기 때문에 빠른 조치가 필요합니다.
지금부터 안내드리는 방법에 따라 안전 계좌 등록을 도와드리겠습니다.",피싱,피싱,100.0%,O
"고객님 안녕하십니까. 금융감독원 이상금융거래 감시부서입니다.
오늘 오전 9시 17분경, 고객님 명의로 된 계좌에서 필리핀 마닐라 소재 계좌로 고액 송금 시도가 있었습니다.
이 거래는 고객님의 평소 패턴과 일치하지 않아 시스템에서 자동으로 이상 거래로 차단됐으며, 현재 조사 중에 있습니다.
고객님의 명의가 도용되었을 가능성이 높으며, 금융사기 피해를 방지하기 위해 긴급 보안 조치를 진행해야 합니다.
모든 절차는 검찰과 공유되며, 진술 자료로 활용될 수 있습니다.",피싱,피싱,100.0%,O
"여보세요. 서울지검 형사2부 강재윤 수사관입니다.
현재 고객님 이름으로 된 계좌가 마약 밀매 조직의 자금세탁 통로로 이용되었다는 첩보가 입수되어 정식 수사 중입니다.
직접 사용한 적이 없다면 타인에게 명의를 도용당한 것으로 의심되며, 피해자로 인정받기 위해서는 진술이 필요합니다.
진술을 거부하거나 통화 연결을 종료할 경우, 불이익이 발생할 수 있음을 사전 고지드립니다.
지금부터 조사 절차를 안내해드리겠습니다.",피싱,피싱,100.0%,O
"안녕하세요 고객님, 한국인터넷진흥원 사이버보안센터입니다.
최근 고객님의 휴대폰에서 외부 악성 IP에 다수 접속 시도가 확인되어, 개인정보 유출 위험이 매우 높은 상태입니다.
이미 고객님 성함으로 해외 SNS 계정 및 인터넷 뱅킹이 무단 생성된 사례도 발견되었습니다.
이러한 경우, 금융사기뿐 아니라 사이버 범죄 연루 위험도 크기 때문에 빠른 조치가 필요합니다.
지금부터 본인 확인과 긴급 보안 조치를 안내드리겠습니다.",피싱,피싱,100.0%,O
"고객님 안녕하세요. 서울경찰청 형사과 김상훈 형사입니다.
현재 진행 중인 금융사기 사건에 고객님의 계좌정보가 포함되어 있다는 진술이 확보되어, 본인 확인 차 연락드렸습니다.
이 사건은 계좌 대여와 관련된 대규모 조직 범죄이며, 실제로 고객님의 이름으로 피해금이 인출된 정황도 있습니다.
본인이 사용한 적이 없다면 피해자로서 보호 절차를 받기 위한 간단한 진술이 필요합니다.
고객님께서 수사에 협조해주시면 법적 책임은 발생하지 않습니다.",피싱,피싱,100.0%,O
"여보세요 고객님.
지금 고객님의 계좌가 압수수색 대상이 된 사건과 연루되어 있다는 보고가 접수되었습니다.
서울지검 마약범죄수사부에서 확인된 바로는, 본인 계좌에서 지난달 20일경 다수의 고액 입출금이 있었고, 이 거래가 수사 중인 사건과 일치합니다.
아직 혐의가 확정된 것이 아니므로, 지금 이 통화를 통해 진술 의사를 밝히시면 조사에서 제외되실 수 있습니다.
간단한 본인확인 절차 이후 담당 검사님께 연결해드리겠습니다.",피싱,피싱,100.0%,O
"네 고객님 안녕하세요.
저희는 금융감독원 금융사고 예방팀입니다.
최근 타 금융기관에서 고객님 명의로 다수의 대출 시도가 있었고, 이 중 일부는 승인 직전까지 진행되었습니다.
해당 건들은 전부 IP 추적 결과 중국 IP로부터 시도된 것이 확인되어 명의도용 가능성이 매우 높습니다.
지금 조치를 취하지 않으면 실제 피해가 발생할 수 있기 때문에, 긴급 보안계좌 등록이 필요합니다.
도움 드릴 수 있도록 안내드리겠습니다.",피싱,피싱,100.0%,O
"여보세요 고객님.
지금 이 통화는 검찰청 정식 절차에 따라 녹음되고 있으며, 향후 수사자료로 활용될 수 있습니다.
고객님의 계좌가 최근 대포통장으로 사용된 정황이 있으며, 피의자 진술서에 고객님의 이름과 연락처가 포함되어 있습니다.
본인이 직접 사용한 계좌가 아니라면, 이 자리에서 바로 피해자 진술을 남기셔야 혐의에서 제외될 수 있습니다.
본인 확인 절차부터 시작하겠습니다.",피싱,피싱,100.0%,O
"고객님 안녕하세요. 저는 서울남부지검 범죄수익환수부 수사관입니다.
현재 고객님 명의 계좌를 통해 총 3천만원 상당의 불법 도박 자금이 유통된 정황이 있으며, 이는 현재 수사 중인 사건과 직결되어 있습니다.
이런 상황에서는 본인의 직접적인 연관 여부를 수사기관에 소명하는 절차가 필요합니다.
지금 진술 의사를 밝혀주시고, 정확한 계좌 사용 이력을 알려주시면 불이익 없이 수사가 마무리될 수 있습니다.
지금부터 절차 안내드리겠습니다.",피싱,피싱,100.0%,O
"여보세요, 고객님. 서울서부지방경찰청 사이버수사대입니다.
현재 본인 명의로 개설된 계좌가 조직적 범죄 자금의 유통 수단으로 사용된 정황이 확인되어 긴급 연락을 드립니다.
특히 최근 3일간 고객님의 계좌로부터 다수의 소액 분할 송금이 발생했으며, 이는 보이스피싱 조직의 특성과 일치합니다.
고객님이 이를 인지하지 못하셨다면 명의도용 피해일 수 있으며, 지금 바로 피해자 진술을 통해 수사대상에서 제외되실 수 있습니다.
지금부터 본인 확인 절차를 안내해드리겠습니다.",피싱,피싱,100.0%,O
"안녕하세요 고객님, 금융감독원 본원 감사실입니다.
오늘 오전, 고객님의 이름으로 허위 소득 증빙서류가 대출심사에 제출된 사실이 확인되어 연락드렸습니다.
이러한 경우 실제 고객님 명의가 범죄에 악용되고 있을 가능성이 높고, 고의가 아니어도 형사 처벌 대상이 될 수 있습니다.
다만 고객님께서 명확히 진술을 하시면 피해자로 전환되어 처벌은 면하실 수 있으며, 보안상 안전조치도 도와드릴 수 있습니다.
조금만 협조해주시면 빠르게 조치할 수 있습니다.",피싱,피싱,100.0%,O
"네, 고객님. 여기는 서울고등검찰청 디지털수사팀입니다.
고객님 성함으로 다수의 계좌가 개설되어 있으며, 이 중 1개 이상이 해외 금융사기로 사용된 사실이 확인되었습니다.
현재 이 건은 국제공조 수사건으로서 외국 수사기관과의 연동 시스템을 통해 실시간 추적 중이며, 본인의 진술이 매우 중요한 상황입니다.
본인 명의가 무단 도용되었을 가능성이 크기 때문에, 피해자 보호조치 신청을 위해 계좌 동결 및 안전계좌 발급이 우선되어야 합니다.
절차를 지금부터 안내드리겠습니다.",피싱,피싱,100.0%,O
"고객님 안녕하십니까. 서울중앙지검 경제범죄수사과 수사관 이도윤입니다.
현재 본인의 성함이 포함된 금융사기 사건에서 핵심 증인으로 지정되어 있습니다.
특히 문제가 되는 부분은 고객님 계좌를 통해 지난달 고액의 금액이 유입되고 이체된 기록이 있다는 점입니다.
본인의 사용이 아니라면 지금이라도 피해자임을 입증하는 진술을 남기셔야 하며, 그렇지 않으면 피의자 신분으로 전환될 수 있습니다.
지금부터 간단한 확인 절차를 진행하겠습니다.",피싱,피싱,100.0%,O
"여보세요 고객님, 저는 한국정보보호원 디지털피해예방팀입니다.
최근 고객님의 스마트폰에서 악성 앱 설치가 감지되었으며, 이 앱이 금융정보와 연락처를 무단 수집하는 기능을 포함하고 있습니다.
이로 인해 고객님 명의로 된 가상계좌 개설과 인증서 탈취 시도가 다수 발생했습니다.
현재 해당 정보는 보이스피싱 범죄조직에 의해 활용될 가능성이 높으며, 즉각적인 계좌보호 조치가 필요합니다.
잠시 시간 괜찮으시면 보안 해지 요청서와 보호계좌 이관 절차를 도와드리겠습니다.",피싱,피싱,100.0%,O
"안녕하세요. 금융감독원 산하 불법대출사기 대응센터입니다.
현재 고객님 이름으로 비인가 대부업체에서 3천만 원 규모의 대출 신청이 들어와 있는 상태입니다.
해당 업체는 자금세탁 및 고금리 사기로 이미 수차례 제재를 받은 불법업체이며, 고객님은 현재 피해자 신분으로 조사 중입니다.
보다 정확한 사실 확인을 위해 고객님의 명의 사용 여부를 확인하고, 이를 바탕으로 경찰청에 피해신고를 접수할 수 있도록 절차를 안내드리겠습니다.
본인확인을 위해 신분정보와 계좌 이체내역 확인이 필요합니다.",피싱,피싱,100.0%,O
"여보세요 고객님. 검찰청 특별수사본부입니다.
현재 고객님 계좌가 특정 피의자 계좌로부터 직접적인 송금을 받은 사실이 있으며, 이는 현재 수사 중인 사기 사건과 직접 관련이 있습니다.
피의자 진술에 따르면 고객님과 통화를 통해 계좌정보를 전달받았다는 내용이 포함되어 있습니다.
해당 진술이 허위인지 진위 여부를 밝히기 위해 고객님의 직접적인 진술이 필요한 상황입니다.
거짓 진술 시 처벌받을 수 있음을 안내드리며, 지금부터 사실관계를 확인하겠습니다.",피싱,피싱,100.0%,O
"고객님, 금융감독원 부정거래조사국입니다.
현재 금융기관과 협조 하에 고객님의 전자지갑과 인터넷뱅킹 이용 이력을 분석한 결과, 본인이 사용하지 않은 거래가 확인되었습니다.
해당 거래는 범죄자금 유통에 사용된 것으로 의심되며, 고객님 명의 보호를 위해 긴급한 차단 조치가 필요합니다.
이 절차는 고객님의 동의 하에만 가능하며, 즉시 시작하지 않으면 더 큰 금융 피해로 이어질 수 있습니다.
본인확인을 위해 본인 명의 계좌번호 및 예금 내역을 확인하겠습니다.",피싱,피싱,100.0%,O
"여보세요 고객님.
저희는 경찰청 민원실 사이버 사기 대응반입니다.
현재 고객님의 휴대폰 번호로 다수의 피해자에게 보이스피싱 연락이 이루어졌다는 신고가 접수되었습니다.
고객님이 직접 사용한 적 없는 번호라면 통신사 명의 도용일 가능성이 높으며, 관련 내역을 확인해드릴 필요가 있습니다.
이런 경우 피해자 등록을 통해 민·형사 책임을 면할 수 있으므로, 지금부터 절차를 안내드리겠습니다.",피싱,피싱,100.0%,O
"고객님 안녕하세요. 서울중앙지검 형사3부 소속 김태은 검사입니다.
현재 고객님의 은행 계좌에서 수차례 동일 수취인에게 송금된 기록이 확인되었고, 그 수취인이 현재 보이스피싱 혐의로 구속 중입니다.
고객님이 송금한 의도가 명확하지 않을 경우 공범으로 간주될 수 있으며, 본인의 직접 진술이 요구됩니다.
지금 이 통화는 검찰청 공식 녹취 절차에 따라 기록되고 있으며, 수사자료로 활용됩니다.
빠른 시간 내에 진술을 마쳐야 불이익을 피하실 수 있습니다.",피싱,피싱,100.0%,O
"고객님 안녕하세요. 금융감독원 특별조사팀 박시연 대리입니다.
최근 은행권 통합 조회 시스템을 통해 고객님의 계좌에 비정상적인 반복 입출금 거래가 확인되었고, 이는 사기 계좌의 특성과 유사합니다.
또한 고객님의 명의가 동일 시간대에 여러 지역에서 인증에 사용된 기록이 있어 명의도용 피해가 우려되는 상황입니다.
해당 내용은 검찰에도 이미 공유되었으며, 고객님의 의사를 확인하여 수사 대상에서 제외할 수 있는 마지막 절차입니다.
지금부터 안전계좌 이관 절차를 안내해드리겠습니다.",피싱,피싱,100.0%,O
"여보세요 고객님. 경찰청 금융범죄대응과입니다.
현재 본인 명의로 진행된 고액 대출 건이 사기 수법으로 진행되었으며, 이 과정에서 고객님의 주민등록번호와 통신사가 함께 노출된 사실이 확인되었습니다.
이러한 유형은 타인이 고객님의 명의를 도용해 계좌를 개설하고 대출을 실행하는 전형적인 조직형 금융사기 수법입니다.
수사기관과의 협조를 통해 지금이라도 진술 및 피해자 등록을 마치면 향후 불이익을 피할 수 있습니다.
지금부터 피해자 확인서를 작성하겠습니다.",피싱,피싱,100.0%,O
"안녕하세요. 고객님은 현재 서울남부지방법원 민사20단독부에서 진행 중인 사건의 피고로 등록되어 있습니다.
해당 사건은 허위 금전대차 계약에 따른 채무 불이행 소송으로, 고객님 명의의 계좌가 주된 증거자료로 제출되었습니다.
고객님께서 이와 관련된 내용을 모르고 계셨다면, 명의도용 가능성이 크며 이에 따라 조사에서 제외되실 수 있습니다.
피해자 진술서를 작성하고 추가 조치를 위해 지금 담당 조사관과의 연결을 진행하겠습니다.",피싱,피싱,100.0%,O
"여보세요. 서울동부지방검찰청 수사관 김도형입니다.
최근 고객님 명의의 계좌에서 이체된 자금이 외국계 온라인 도박사이트에서 사용된 정황이 확인되어, 국제공조 수사에 포함되었습니다.
본인이 해당 계좌를 직접 사용하지 않았다고 말씀하신다면, 그 진술을 검찰 조사 기록에 남기셔야 합니다.
이 절차는 구두로 진행되며, 실시간 녹취를 통해 담당 검사에게 전달됩니다.
간단한 본인 확인부터 시작하겠습니다.",피싱,피싱,100.0%,O
"고객님 안녕하세요. 국세청 조세범칙조사과입니다.
지금 고객님의 이름으로 허위 세금 환급 신청이 접수되었으며, 관련 계좌 정보가 실제 고객님의 것으로 확인되어 긴급히 연락을 드리게 되었습니다.
해당 건은 조세범 처벌법 위반으로도 이어질 수 있기 때문에, 본인이 사용한 것이 아니라면 반드시 진술을 남겨 피해자 소명을 하셔야 합니다.
지금부터 간단한 진술 접수 절차를 진행하겠습니다.",피싱,피싱,100.0%,O
"안녕하세요 고객님. 한국금융보호원 비상대응센터입니다.
현재 본인 명의 계좌에 대해 타인의 반복된 로그인 시도가 발생했으며, 그 중 일부는 해외에서 감지된 것으로 나타났습니다.
이러한 경우 해당 계좌가 보이스피싱 범죄에 사용될 가능성이 매우 높고, 실제로 연관 계좌에서 피해금 출금 사례도 발생한 바 있습니다.
긴급조치를 통해 계좌를 안전하게 보호할 수 있으며, 이 절차는 본인 확인 후 즉시 진행됩니다.
본인인증 절차를 안내드릴 테니 잠시만 기다려 주세요.",피싱,피싱,100.0%,O
"여보세요. 고객님, 대검찰청 금융범죄통합수사부 이강현 조사관입니다.
현재 진행 중인 계좌 세탁 조직 사건에서 고객님의 계좌가 3회 이상 사용된 내역이 확보되어 있습니다.
본인이 개입되지 않았더라도 계좌 대여 혹은 인증서 제공이 있었다면, 형사 책임에서 자유로울 수 없습니다.
하지만 지금 이 통화에서 피해 사실을 밝히고 진술서를 제출하면, 수사 대상에서 제외될 수 있습니다.
지금부터 몇 가지 질문을 드리겠습니다.",피싱,피싱,100.0%,O
"고객님 안녕하세요. 이 통화는 금융감독원 사이버대응센터에서 공식적으로 녹취되고 있으며, 향후 금융사고 예방을 위한 자료로 활용됩니다.
현재 고객님이 사용 중인 스마트폰 기기에서 악성 애플리케이션 감염이 확인되었으며, 이를 통해 계좌정보가 제3자에게 전송된 정황이 있습니다.
고객님의 피해를 방지하기 위해서는 금융거래 중단 요청 및 임시계좌 발급 절차가 필요합니다.
해당 절차는 본인 인증 이후 담당 담당관을 통해 진행됩니다.",피싱,피싱,100.0%,O
"안녕하세요 고객님. 저희는 대법원 형사조정국에서 공식적으로 사건 관리 중인 박성빈 조사관입니다.
최근 본인 명의로 발생한 형사 사건이 조정 절차 없이 고소로 전환되었고, 이에 따라 출석 요구서가 발송된 상태입니다.
해당 내용은 고객님의 계좌가 명의도용되어 보이스피싱 조직에 사용된 사건이며, 빠른 시일 내에 진술을 하지 않으면 정식 기소로 이어질 수 있습니다.
본인확인을 마친 후 바로 조정 담당자와의 연결을 도와드리겠습니다.",피싱,피싱,100.0%,O
"여보세요. 서울지방경찰청 디지털범죄수사과 수사관 한정훈입니다.
현재 고객님의 스마트폰이 통신사기 범죄에 사용된 정황이 포착되어, 본인확인을 위해 긴급 연락드렸습니다.
특히 고객님의 번호로 다수의 피해자에게 송금 유도 메시지가 발송된 기록이 있어, 휴대폰 명의 도용 가능성이 높습니다.
피해자 등록 및 통신자료 제출을 통해 수사에서 제외되기 위해서는 본인의 진술이 필수적입니다.
지금부터 인증 절차를 진행하겠습니다.",피싱,피싱,100.0%,O
"여보세요, 고객님. 여기는 경찰청 형사과 사이버수사팀입니다.
오늘 오전, 고객님 명의로 된 계좌에서 해외 불법 웹사이트로 자금이 이체된 정황이 포착되었습니다.
이 계좌는 현재 보이스피싱 조직에서 사용된 것으로 강하게 의심되고 있으며, 고객님의 주민번호와 계좌번호가 포함된 진술서도 확보된 상태입니다.
지금 이 자리에서 본인 여부를 확인하지 않으면 해당 건은 공범으로 간주되어 수사가 진행됩니다.
본인 보호를 위한 절차를 지금부터 안내드리겠습니다.",피싱,피싱,100.0%,O
"안녕하세요. 금융감독원 불법금융대응반입니다.
고객님 성함으로 2건의 불법 대부업 대출 시도가 있었고, 이 중 1건은 이미 실행되어 2,300만 원이 계좌에 입금된 상태로 확인되었습니다.
본인의 거래가 아니라면 이는 명의 도용일 가능성이 매우 크고, 해당 금액이 자금세탁에 연루되었을 경우 형사상 책임이 발생할 수 있습니다.
이런 상황에서 고객님이 피해자임을 입증하려면 반드시 공식 진술이 필요합니다.
본인 인증 절차부터 시작하겠습니다.",피싱,피싱,100.0%,O
"고객님, 안녕하십니까.
저는 서울중앙지검 사기범죄전담부 윤지호 수사관입니다.
현재 고객님 계좌의 거래 내역 중 일부가, 수사 중인 보이스피싱 조직의 수금 계좌와 거래한 사실이 확인되었습니다.
본인이 직접 개입하지 않으셨다면, 지금 이 통화에서 피해 사실을 소명하셔야 수사대상에서 제외될 수 있습니다.
해당 진술은 검찰 공식 기록으로 남으며, 책임 회피의 중요한 근거가 됩니다.
진술 절차를 지금부터 진행하겠습니다.",피싱,피싱,100.0%,O
"여보세요, 고객님. 한국인터넷진흥원 침해대응센터입니다.
고객님의 아이핀 인증 정보가 중국발 IP로 인증된 사실이 있어, 본인 명의 계좌가 다수 개설된 정황이 확인되었습니다.
이 과정에서 고객님의 금융기관 연동 서비스가 해킹되어, 추가 피해가 발생할 위험이 높습니다.
지금 즉시 보안 해제와 계좌 보호 절차를 진행하지 않으면 해당 계좌들이 범죄에 악용될 수 있습니다.
지금부터 본인 확인 절차를 안내드릴 테니 잠시만 기다려주세요.",피싱,피싱,100.0%,O
"고객님, 안녕하세요.
서울중앙지법 등기과에서 연락드립니다.
최근 본인 주소로 송달된 지급명령서가 수취인 불명으로 반송되었으며, 이 사건은 불법 대출 계약과 연관되어 있습니다.
해당 명령서는 고객님의 계좌에 입금된 사기 자금 반환 청구와 관련된 것으로, 무응답 시 가압류 조치가 진행될 수 있습니다.
지금 상황에서 사실관계에 대한 진술이 없다면 민사 절차 외에 형사 수사도 병행될 수 있습니다.
사실 확인을 위해 본인 여부를 확인하겠습니다.",피싱,피싱,100.0%,O
"네 고객님, 금융감독원 전산보안실입니다.
현재 고객님의 공인인증서가 외부에서 반복적으로 복호화 시도되고 있으며, 이는 악성 프로그램 감염에 따른 위협으로 분석됩니다.
이런 경우 고객님의 인터넷뱅킹, 대출, 간편결제 서비스 모두 위험할 수 있으며, 즉시 긴급 보안조치가 필요합니다.
고객님의 불편을 최소화하기 위해, 일시적으로 계좌 접근 제한 및 인증서 회수를 도와드리겠습니다.
절차를 안내드릴게요.",피싱,피싱,100.0%,O
"여보세요. 서울지방경찰청 마약범죄수사대 수사관 조민수입니다.
현재 고객님의 명의가 사용된 계좌가 수사 중인 마약 판매조직의 거래 흐름에서 발견되었습니다.
본인이 개입하지 않았더라도, 계좌 대여나 인증서 제공 등이 있었다면 처벌 대상이 될 수 있습니다.
하지만 수사기관에 협조하고 진술을 남기신다면, 피해자로서 처리될 수 있는 길이 열려 있습니다.
조사 참여 여부를 지금 확인하고자 연락드렸습니다.",피싱,피싱,100.0%,O
"고객님 안녕하세요.
검찰청 디지털조사부 황진영 수사관입니다.
현재 보이스피싱 조직의 수금계좌 6개가 차단 조치되었고, 그 중 1개가 고객님의 명의로 개설된 사실이 확인되었습니다.
해당 계좌를 직접 개설하지 않으셨다면, 이는 전형적인 명의 도용 사례이며 피해자 보호 조치를 통해 법적 책임을 면할 수 있습니다.
다만 정식 수사기록을 위해 지금 이 통화에서 본인 확인 및 진술이 필요합니다.
간단한 질문부터 시작하겠습니다.",피싱,피싱,100.0%,O
"여보세요. 고객님, 서울서부지검 이준서 검사입니다.
지금 고객님 이름으로 발송된 고소장이 반송되었고, 이 고소는 허위 금융거래 및 계좌 대여와 관련된 건입니다.
수사팀에서는 고객님이 고의가 아닌 피해자일 가능성을 열어두고 있으며, 진술서 제출 여부에 따라 수사 방향이 바뀔 수 있습니다.
지금 이 통화는 녹취되어 증거 자료로 활용될 수 있으니, 성실하게 진술해주시길 바랍니다.
진술 절차를 지금 시작하겠습니다.",피싱,피싱,100.0%,O
"안녕하세요 고객님. 경찰청 보이스피싱 피해자 보호지원센터입니다.
최근 고객님의 계좌가 보이스피싱 조직의 중간 인출 계좌로 사용된 것으로 신고가 접수되었습니다.
이미 3건의 피해 사례에서 해당 계좌가 공통으로 등장하였고, 이에 따라 강제동결 조치가 검토되고 있습니다.
만약 고객님이 이 계좌를 직접 사용하지 않으셨다면 피해자 등록을 통해 동결 해제가 가능하며, 이를 위해 진술이 필요합니다.
지금부터 안내드리는 절차에 따라 진행 부탁드립니다.",피싱,피싱,100.0%,O
"여보세요. 고객님 맞으신가요?
여기는 대검찰청 사이버범죄수사단입니다.
현재 고객님의 휴대폰 번호로 다수의 불특정 다수에게 보이스피싱 유도 문자가 발송된 사실이 포착되었습니다.
통신사에 확인한 결과, 해당 번호는 현재 고객님 명의로 등록된 것이 맞고, 그렇다면 명의 도용 가능성이 매우 높습니다.
이와 관련해 통신자료제공 동의와 피해자 진술이 필요하며, 지금부터 간단한 본인 확인 절차를 안내드리겠습니다.",피싱,피싱,100.0%,O
"안녕하세요. 저는 금융감독원 전자금융거래 이상패턴 분석실 이지윤 팀장입니다.
오늘 오전 11시 26분, 고객님 명의 계좌에서 평소보다 10배 이상 큰 금액의 출금 요청이 있었고, 해당 거래는 외국계 계좌로 향하고 있었습니다.
자동 모니터링 시스템에 따라 거래는 차단되었고, 고객님의 계좌는 현재 위험 거래로 분류된 상태입니다.
지금이라도 본인 여부를 확인하고 보안 강화를 진행하시면 피해를 방지할 수 있습니다.
절차는 간단하니 안내드리겠습니다.",피싱,피싱,100.0%,O
"여보세요, 고객님. 서울동부지검 민사조정실 정하나 수사관입니다.
고객님 성함으로 등록된 대출계약서가 위조된 서류로 확인되어, 해당 금융기관이 고객님을 상대로 소송을 제기한 상태입니다.
계약 당시 사용된 통장 사본, 인감, 인증기록 등이 모두 본인 정보로 되어 있으므로, 지금 명의 도용 여부를 입증하지 않으면 책임을 피할 수 없습니다.
피해자 등록 절차를 위해 본인 확인이 필요하며, 지금부터 진술서 접수를 시작하겠습니다.",피싱,피싱,100.0%,O
"고객님 안녕하세요.
국가정보원 보안상황실입니다.
최근 다크웹에서 고객님의 주민등록번호, 계좌정보, 휴대폰 인증서까지 포함된 파일이 유통 중인 것으로 탐지되었습니다.
이 정보는 보이스피싱 및 해외 불법 도박 사이트 계정 개설에 사용될 가능성이 높습니다.
즉시 정보차단 요청과 계좌 보호 절차를 진행해야 2차 피해를 막을 수 있으므로, 지금부터 본인 인증과 안전계좌 안내를 도와드리겠습니다.",피싱,피싱,100.0%,O
"네 여보세요. 고객님 성함 OOO님 맞으시죠?
여기는 법무부 전자조정센터입니다.
고객님 이름으로 법률상 조정 명령서가 발부되었고, 관련 민사사건이 진행 중입니다.
문제는, 이 조정 대상이 금융사기 피해자 3명으로부터 접수된 것으로, 고객님 계좌가 관련 송금 기록에 포함되어 있다는 점입니다.
본인이 해당 거래를 한 적이 없다면, 진술을 통해 피해자임을 입증하셔야 합니다.
바로 연결 도와드릴게요.",피싱,피싱,100.0%,O
"고객님, 안녕하십니까.
저는 한국금융통신원 위기대응본부 소속 정세민 조사관입니다.
오늘 오후, 고객님의 공인인증서가 해외 서버에서 로그인 시도된 흔적이 확인되었고, 해당 위치는 러시아 IP로 추정됩니다.
이에 따라 고객님의 은행계좌, 카드사, 대출 계정이 모두 위험 등급으로 분류되었습니다.
긴급한 조치를 위해 본인 인증이 필요하며, 절차에 따라 안전계좌를 통해 자산 보호를 지원해드릴 수 있습니다.",피싱,피싱,100.0%,O
"여보세요. 경찰청 디지털금융범죄대응센터입니다.
고객님 성함으로 접수된 피싱 피해 사건과 관련하여, 범인이 사용한 계좌 중 하나가 고객님 명의로 개설된 것이 확인되었습니다.
이 계좌는 지난주 다수의 송금 피해를 발생시킨 범죄에 연루되었고, 현재 동결 조치가 예정되어 있습니다.
고객님이 직접 개설한 계좌가 아닌 경우, 피해자 진술이 반드시 필요하며 조사를 통해 책임을 면하실 수 있습니다.
지금부터 진술서를 작성하겠습니다.",피싱,피싱,100.0%,O
"안녕하세요. 대검찰청 범죄정보분석실입니다.
현재 고객님의 명의가 사용된 다수의 범죄 사건 데이터가 통합 플랫폼 상에서 탐지되었으며, 특히 사기, 통신금융범죄에 집중되어 있습니다.
이 중 일부 사건은 이미 검찰 조사 중이며, 고객님의 협조 여부에 따라 혐의 유무가 갈릴 수 있는 중요한 시점입니다.
협조 진술 및 본인 인증 절차를 통해 즉시 수사대상에서 제외될 수 있도록 도와드리겠습니다.
잠시만 안내드릴게요.",피싱,피싱,100.0%,O
"여보세요 고객님.
저희는 과학기술정보통신부 산하 사이버보안 대응반입니다.
최근 고객님 명의로 온라인 불법 포털 가입 시도가 3건 이상 탐지되었으며, 관련 기록은 경찰청에도 공유된 상태입니다.
특히 본인의 주민등록번호가 무단 유출되어, 통신사 회선 및 계좌가 다수 개설된 정황이 있습니다.
지금이라도 피해 사실을 공식적으로 접수하지 않으면 책임에서 자유로울 수 없습니다.
지금부터 안내드리겠습니다.",피싱,피싱,100.0%,O
"안녕하세요 고객님.
저는 서울지검 강력범죄수사과 박은석 검사입니다.
현재 고객님 계좌가 보이스피싱 조직의 상부 송금계좌로 활용된 정황이 구속된 피의자의 진술에서 확인되었습니다.
해당 계좌는 지난달 15일부터 약 1,200만 원 이상이 유입된 것으로 확인되며, 현재 동결 예정입니다.
피해자임을 입증하고 싶으시다면 본인의 의사를 공식적으로 밝히셔야 합니다.
지금부터 간단히 진술서 접수를 시작하겠습니다.",피싱,피싱,100.0%,O
"안녕하세요 고객님.
저는 한국소비자보호원 금융분쟁조정실 장하나 조사관입니다.
최근 고객님 명의로 진행된 대출 상품에 대해 다수의 소비자 피해 신고가 접수되어, 계약 무효 절차가 개시되었습니다.
문제는 해당 계약서에 고객님의 전자서명과 계좌정보가 포함되어 있어, 고의 개입 여부를 수사기관에서 조사하고 있다는 점입니다.
피해자 소명을 원하시면 지금부터 진술과 확인 절차를 시작하겠습니다.",피싱,피싱,100.0%,O
"여보세요 고객님. 여기는 서울북부지방경찰청 지능범죄수사대입니다.
현재 고객님 명의의 계좌가 피싱 사기의 환수 계좌로 사용되었고, 해당 거래 내역이 수사 중인 사건 파일에 포함되어 있습니다.
직접 사용하지 않으셨다면 피해자 등록을 위한 진술이 반드시 필요하며, 이를 통해 형사책임에서 벗어날 수 있습니다.
지금부터 본인 확인을 진행하겠습니다.",피싱,피싱,100.0%,O
"안녕하세요 고객님.
저는 대법원 전자소송지원센터 김상민 실장입니다.
현재 고객님 명의로 진행 중인 금융분쟁 사건에 대해 가압류 신청이 접수되었고, 해당 신청서에는 고객님 계좌에 대한 금융감독원의 동결 요청 문서도 포함되어 있습니다.
문제는 이 계좌가 실제로는 고객님이 직접 개설한 것이 아니라 피의자 진술에서 '타인 명의 대여 계좌'로 언급되고 있다는 점입니다.
고객님의 협조 없이는 소명 절차가 불가능하며, 지금부터 본인 확인과 진술서를 동시에 접수하겠습니다.",피싱,피싱,100.0%,O
"여보세요, 고객님. 서울중앙지검 공안수사부입니다.
현재 고객님 명의 계좌가 보이스피싱 범죄 수익의 회수 경로로 사용된 정황이 포착되어 조사가 진행 중입니다.
본인이 직접 개설하지 않았다면 명의 도용 가능성이 크며, 지금 진술을 남기지 않으면 형사절차에 포함될 수 있습니다.
지금부터 본인 확인을 통해 피해자 등록을 진행하겠습니다.",피싱,피싱,100.0%,O
"안녕하십니까, 금융감독원 위험거래분석팀 정호연 팀장입니다.
오늘 오전 고객님의 계좌에서 다수의 분산 송금 거래가 발생하여 이상 거래로 분류되었습니다.
이러한 거래는 보이스피싱 조직의 자금세탁 수법과 매우 유사하며, 현재 계좌에 대한 검찰 통보 절차가 진행되고 있습니다.
본인 여부를 신속히 확인하지 않으면 계좌가 자동 동결될 수 있으니 지금부터 안내드리겠습니다.",피싱,피싱,100.0%,O
"여보세요, 고객님. 대법원 형사조정국 전산담당 김은영 수사관입니다.
현재 고객님 명의로 고소장이 접수되었으며, 상대방은 고객님이 본인 계좌를 보이스피싱 조직에 넘겼다고 주장하고 있습니다.
해당 사건은 전자조정 대상이며, 출석 없이도 진술을 통해 소명하실 수 있으므로 지금부터 안내드리겠습니다.
본인 확인 절차를 먼저 진행하겠습니다.",피싱,피싱,100.0%,O
"고객님 안녕하세요. 한국정보보호진흥원 디지털위협분석실입니다.
오늘 새벽 고객님의 공인인증서가 해외 서버에서 비정상적으로 복호화된 기록이 발견되어 긴급히 연락드렸습니다.
이 인증서는 현재 보이스피싱 조직에서 활용되는 것으로 분석되며, 빠른 조치를 하지 않으면 대출 실행, 계좌 인출 피해가 발생할 수 있습니다.
지금부터 보안차단 및 계좌보호 절차를 안내드리겠습니다.",피싱,피싱,100.0%,O
"여보세요, 고객님. 서울남부지검 금융범죄전담부 최경민 검사입니다.
현재 수사 중인 사기 사건에서 고객님의 명의로 된 계좌가 발견되었고, 피해자 진술에도 동일한 계좌가 언급되고 있습니다.
고객님이 해당 계좌의 개설 및 사용에 대해 인지하고 계시지 않다면, 지금 이 통화에서 피해자 진술을 남겨주셔야 합니다.
진술을 거부하거나 무응답 시 공범으로 간주될 수 있으니 안내에 따라 진행해주시기 바랍니다.",피싱,피싱,100.0%,O
"안녕하십니까, 경찰청 사이버수사국입니다.
고객님의 휴대전화 인증서가 다수의 불법 온라인 대출 신청에 사용되었다는 제보가 들어와 긴급히 확인 중입니다.
지금이라도 사용 이력을 확인하고, 피해 여부를 진술하신다면 수사 대상에서 제외될 수 있습니다.
본인 확인부터 시작하겠습니다.",피싱,피싱,100.0%,O
"여보세요. 법무법인 태백의 송무팀입니다.
현재 고객님을 피고로 지정한 민사소송이 접수되었고, 해당 사건은 고객님 명의 계좌에서 인출된 불법 자금과 관련되어 있습니다.
법적 책임을 피하시려면 지금 진술과 자료 제출이 반드시 필요하며, 협조 시 불기소 의견 제출이 가능합니다.
진술서 접수를 바로 도와드리겠습니다.",피싱,피싱,100.0%,O
"고객님 안녕하세요.
저는 한국통신기술진흥원 악성앱대응팀 소속 김유라입니다.
현재 고객님의 휴대폰에서 탐지된 악성 앱이 설치되어 있으며, 이 앱은 계좌정보와 문자 내용을 실시간으로 외부에 전송하고 있습니다.
이미 보이스피싱 피해에 사용된 사례가 다수 확인되어, 지금 긴급 삭제 및 계좌보호 조치가 필요합니다.
본인 확인 후 조치를 시작하겠습니다.",피싱,피싱,100.0%,O
"안녕하십니까 고객님.
금융감독원 실명거래보호센터입니다.
고객님의 이름으로 최근 2건의 유령계좌가 개설된 정황이 금융기관 내부 감사에서 확인되었습니다.
이 계좌들은 이미 피싱 피해자의 자금 인출에 사용되었고, 고객님이 협조하지 않으시면 연루된 것으로 간주될 수 있습니다.
피해자 진술 절차를 지금부터 진행하겠습니다.",피싱,피싱,100.0%,O
"안녕하세요, 고객님. 서울서부지검 강력범죄수사부 박상훈 수사관입니다.
현재 진행 중인 자금세탁 사건에서 고객님 명의 계좌가 연루된 정황이 다수 확보되었고, 피해자 진술에서도 반복 언급되고 있습니다.
사건의 피의자로 전환되기 전, 지금 이 자리에서 피해자임을 소명하실 수 있습니다.
빠르게 확인 절차를 도와드리겠습니다.",피싱,피싱,100.0%,O
"여보세요 고객님. 과학기술정보통신부 산하 개인정보보호본부입니다.
최근 고객님의 주민번호가 포함된 개인정보 묶음 파일이 해외 해킹 포럼에서 거래되었고, 이 파일에는 계좌정보, 통신사 계정도 포함되어 있었습니다.
보이스피싱 및 대포통장 명의 도용 위험이 매우 높아, 지금이라도 정보차단과 계좌 동결 조치를 진행하셔야 합니다.
바로 본인 확인 절차로 연결하겠습니다.",피싱,피싱,100.0%,O
"여보세요. 고객님 맞으신가요?
여기는 서울서부지방경찰청 수사과입니다.
최근 고객님의 계좌로 자금이 수차례 분산 입금된 내역이 수사 중인 피의자의 자금 흐름과 일치하는 것이 확인되었습니다.
고객님이 해당 거래에 대해 인지하지 못하고 계시다면 명의 도용 가능성이 있으며, 수사 대상에서 제외되기 위해선 지금 진술이 필요합니다.
간단한 본인 확인 절차부터 도와드리겠습니다.",피싱,피싱,100.0%,O
"안녕하세요, 고객님.
저는 금융감독원 디지털감시센터 김현우 조사관입니다.
현재 고객님의 공인인증서가 외부 해킹툴에 의해 무단으로 복호화되었고, 이에 따라 은행 연동 서비스와 전자지갑 모두가 위험에 노출된 상태입니다.
이런 상황에서는 추가 피해 발생을 막기 위한 안전계좌 전환과 본인 확인이 필수적입니다.
지금부터 차근차근 절차 안내해드릴게요.",피싱,피싱,100.0%,O
"고객님 안녕하세요. 서울지검 피싱범죄 특별조사부 소속 박세진 수사관입니다.
고객님의 명의로 개설된 계좌가 최근 2건의 피싱 범죄에서 공통적으로 등장했고, 해당 계좌에 대한 수색영장이 발부된 상태입니다.
하지만 본인이 직접 개입하지 않았을 경우, 피해자로 전환될 수 있으니 진술을 통해 입장을 밝혀주셔야 합니다.
지금 진술 접수 절차를 시작하겠습니다.",피싱,피싱,100.0%,O
"여보세요. 금융감독원 디지털보호부입니다.
고객님의 계좌가 의심 거래 패턴으로 분류되어 현재 자동 동결 상태에 들어갔으며, 본인 인증 후 정상 거래로 복구할 수 있습니다.
문제는 이 계좌에서 출금된 금액이 범죄 피해자 계좌로부터 유입된 자금이라는 점입니다.
본인이 직접 거래하지 않았다면 지금 이 자리에서 피해자 진술을 남겨주셔야 합니다.",피싱,피싱,100.0%,O
"고객님, 안녕하십니까.
한국인터넷진흥원 사이버위협분석팀입니다.
오늘 새벽 고객님의 주민등록번호와 휴대폰 인증정보가 포함된 유출 패키지가 해외 다크웹 거래소에서 유통되었고, 이미 여러 차례 인증 시도가 있었던 것으로 확인됩니다.
사전 피해 예방을 위해 계좌 보안조치와 본인 인증 절차가 필요합니다.
바로 도와드리겠습니다.",피싱,피싱,100.0%,O
"여보세요. 경찰청 범죄수익추적팀입니다.
현재 고객님 계좌에서 출금된 금액이 특정 마약사범의 자금 흐름과 일치한다는 점에서 공범 여부를 수사하고 있습니다.
물론 고객님께서 사용하지 않은 계좌일 수 있으나, 이를 입증하려면 진술이 필요합니다.
수사 협조를 요청드리며, 지금부터 본인 확인을 도와드리겠습니다.",피싱,피싱,100.0%,O
"안녕하세요 고객님.
저는 법무법인 태성이 운영 중인 조정센터 이지훈 팀장입니다.
지금 고객님 명의의 계좌가 피고로 지정된 소송에 포함되어 있으며, 원고 측은 이 계좌가 보이스피싱 조직의 인출계좌라고 주장하고 있습니다.
본인 소명 없이 출석을 거부하시면 자동으로 패소 처리될 수 있으니 진술 절차에 협조해주시기 바랍니다.",피싱,피싱,100.0%,O
"고객님 안녕하세요.
국세청 조사국입니다.
고객님의 성명으로 허위 세금 환급 신청이 접수되었으며, 그 과정에서 실제 계좌와 신분증 사본이 첨부된 정황이 확인되었습니다.
해당 문서들은 모두 위조 가능성이 높고, 고객님 명의가 범죄에 악용된 것입니다.
수사를 위한 협조와 본인 진술이 반드시 필요합니다.",피싱,피싱,100.0%,O
"여보세요 고객님.
여기는 서울동부지검 디지털포렌식 수사팀입니다.
현재 피의자 압수수색을 통해 확보된 노트북에서 고객님의 계좌번호, 주민번호, 인증서 정보가 발견되었습니다.
해당 사건은 국제 금융사기와 관련이 있으며, 고객님 계좌도 포함되어 있어 진술 없이는 혐의 해제가 어렵습니다.
진술을 접수하겠습니다.",피싱,피싱,100.0%,O
"고객님, 안녕하십니까.
금융위원회 소비자보호국 민원관리부입니다.
현재 고객님 계좌로부터 인출된 자금에 대해 3건의 보이스피싱 피해 접수가 확인되어, 해당 계좌는 임시 동결 조치되었습니다.
본인이 직접 사용한 계좌가 아니라면 피해자 보호 신청을 위해 진술이 필요합니다.
신속하게 안내드리겠습니다.",피싱,피싱,100.0%,O
"안녕하세요 고객님.
저희는 통신사 고객안전센터입니다.
최근 고객님의 휴대전화 번호로 인증된 거래 중 일부가 사기범의 행적과 겹친다는 수사기관 협조 요청이 있었습니다.
통신사 명의도용 피해로 판단되며, 본인 확인을 통해 즉시 차단 절차를 진행해야 합니다.
신속한 조치가 필요합니다.",피싱,피싱,100.0%,O
"여보세요. 대검찰청 사이버범죄합동수사단 소속 박윤진 수사관입니다.
고객님 계좌의 거래 내역과 통화기록이 최근 구속된 보이스피싱 총책의 증거기록과 일치하는 정황이 다수 확보되었습니다.
본인이 직접 연루되지 않았음을 입증하려면 빠른 진술이 필요합니다.
잠시 시간 가능하실까요?",피싱,피싱,100.0%,O
"고객님, 금융감독원 디지털전문조사관 이소정입니다.
현재 고객님 명의로 3개 이상의 가상계좌가 개설되었고, 이 중 일부는 피해자 계좌로부터 자금이 유입된 상태입니다.
금융사기 연루 가능성이 있으므로 즉시 본인 인증 및 피해 진술 절차를 안내드리겠습니다.
바로 시작할게요.",피싱,피싱,100.0%,O
"안녕하세요 고객님.
저희는 KISA 인증기관입니다.
고객님의 공인인증서가 제3자에 의해 타 금융기관에서 사용되었다는 내역이 접수되었습니다.
보이스피싱 및 대출 사기에 악용될 수 있으므로, 본인 여부 확인 절차가 필요합니다.
즉시 절차 안내드리겠습니다.",피싱,피싱,100.0%,O
"여보세요 고객님.
서울지방검찰청 통신사기 특별수사팀입니다.
현재 고객님의 계좌정보와 동일한 계좌번호가 사용된 피의자 기소가 진행 중이며, 이에 따른 참고인 조사가 필요합니다.
본인이 개입하지 않으셨다면 진술을 통해 피해자 등록 절차를 받으실 수 있습니다.
간단한 본인확인부터 진행하겠습니다.",피싱,피싱,100.0%,O
"안녕하십니까 고객님.
여기는 경찰청 금융범죄수사대입니다.
고객님의 계좌에서 발생한 입출금 기록이 동일 수취인에게 반복 송금된 정황이 확인되어 수사 대상에 포함되었습니다.
본인이 직접 사용한 계좌가 아니라면, 피해자 소명을 위한 진술 절차가 필요합니다.
지금 바로 도와드리겠습니다.",피싱,피싱,100.0%,O
"여보세요, 고객님 맞으시죠?
저는 금융감독원 본원 전산보안국 김태형 조사관입니다.
오늘 오전 9시 43분경, 고객님의 인증서가 타 기기에서 무단으로 접속된 기록이 탐지되었습니다.
이 인증서는 이후 외국계 은행 사이트와 불법 대출 플랫폼에서 사용되었고, 고객님의 계좌에서 150만 원 규모의 이체 요청이 발생했습니다.
지금부터 계좌를 긴급 보호하기 위한 본인 인증 절차를 안내드리겠습니다.",피싱,피싱,100.0%,O
"여보세요, 고객님. 여기는 대법원 전자조정센터입니다.
현재 진행 중인 금융소송 건에 고객님의 명의로 개설된 계좌가 연루되어 있으며, 원고 측은 해당 계좌를 조직범죄에서 사용된 계좌로 지목하고 있습니다.
고객님이 이를 모르고 계신다면, 진술서 제출을 통해 민형사 책임에서 벗어나실 수 있습니다.
바로 담당 조정관과 연결 도와드릴게요.",피싱,피싱,100.0%,O
"안녕하십니까, 서울북부지검 사이버범죄수사팀입니다.
고객님의 성함과 계좌번호가 수사 중인 피의자의 휴대폰 문자 기록에서 다수 확인되었고, 특히 범죄에 사용된 통장 사본에도 동일 정보가 포함되어 있습니다.
고객님이 직접 전달하지 않으셨다면, 명의 도용 또는 인증서 유출 가능성이 있으므로 즉시 진술 절차를 진행하셔야 합니다.
수사 협조를 부탁드립니다.",피싱,피싱,100.0%,O
"안녕하세요 고객님, 한국정보보호진흥원 침해대응팀입니다.
고객님의 개인정보가 포함된 파일이 피싱 이메일을 통해 외부에 유출되었고, 이 파일은 현재 다크웹에서 유통 중입니다.
이미 계좌 인증 시도, 모바일 본인 확인 등 5건 이상의 도용 시도가 확인되어 빠른 보안 조치가 필요합니다.
지금 본인 인증 후 보호계좌로의 이관 절차를 도와드리겠습니다.",피싱,피싱,100.0%,O
"여보세요 고객님, 서울지방검찰청 디지털자산수사부입니다.
최근 가상화폐 관련 금융사기 사건의 지갑주소 분석 결과, 고객님의 계좌에서 동일 지갑으로 다수 송금된 내역이 확인되었습니다.
직접 연루되지 않으셨다면, 피해자 진술을 통해 계좌 사용 내역을 명확히 밝히셔야 합니다.
진술 거부 시 참고인 조사가 아닌 피의자 조사로 전환될 수 있음을 안내드립니다.",피싱,피싱,100.0%,O
"안녕하세요 고객님.
저는 금융감독원 디지털금융팀 최서윤입니다.
고객님의 명의로 지난 48시간 동안 총 4건의 신규 대출이 시도되었으며, 이 중 일부는 해외 IP에서 발생한 비정상 요청으로 확인되었습니다.
이런 경우 보이스피싱 조직이 고객님의 인증정보를 확보했을 가능성이 높고, 즉시 보안 조치가 필요합니다.
안전계좌 전환 절차를 안내드리겠습니다.",피싱,피싱,100.0%,O
"여보세요 고객님.
서울중앙지검 형사3부 수사관 김지현입니다.
현재 수사 중인 조직형 보이스피싱 사건에서, 피의자의 휴대전화에서 고객님의 계좌 인증 문자, 통장 사진, 개인정보가 확보되었습니다.
이 계좌가 실제로 고객님이 사용 중인 계좌인지 확인이 필요하며, 피해자 등록을 위한 진술을 바로 진행해야 합니다.
간단한 본인확인 절차부터 시작하겠습니다.",피싱,피싱,100.0%,O
"고객님 안녕하세요.
이곳은 과학기술정보통신부 통신망보호과입니다.
최근 고객님 명의로 개통된 이동통신 회선이 피싱 범죄에 사용된 정황이 있어 통신사와 협조하에 조사를 진행 중입니다.
고객님께서 해당 회선에 대해 인지하지 못하고 계신다면 명의도용 피해 가능성이 있으며, 지금부터 사실 확인을 위한 절차를 안내드리겠습니다.",피싱,피싱,100.0%,O
"안녕하십니까, 고객님.
금융감독원 계좌관리본부입니다.
고객님의 계좌에서 3건의 불법 금융거래 패턴이 탐지되었고, 이미 국내 타 금융기관과 공조를 통해 자동 이상 거래 차단이 진행된 상태입니다.
고객님 명의가 도용되었을 가능성이 있어 진술서를 통해 사용 내역을 소명해주셔야 합니다.
지금부터 본인확인 절차를 시작하겠습니다.",피싱,피싱,100.0%,O
"고객님 안녕하세요.
이곳은 방송통신위원회 전기통신감시과입니다.
현재 고객님의 명의로 개통된 인터넷 회선이 해외 IP를 통해 악성코드 유포에 사용된 정황이 포착되었으며, 관련 사항은 통신사와 공조하여 조사 중입니다.
고객님이 해당 회선을 인지하지 못하고 계신다면, 명의 도용 피해 가능성이 매우 높습니다.
지금부터 본인 확인 절차를 진행하여 피해 사실 여부를 확인하겠습니다.",피싱,피싱,100.0%,O
